uptake_rate_cancer,speed_cancer,transformation_rate_cancer,speed_monocytes,dead_phagocytosis_rate_monocytes,speed_macrophages,dead_phagocytosis_rate_macrophages,secretion_rate_NLCs,speed_NLCs,dead_phagocytosis_rate_NLCs,death_rate_apoptotic,secretion_rate_apoptotic
0.5531154721975327,1.1857400629669428,2.87011805921793e-06,1.655806876718998,0.3627767264842987,1.6769552156329155,1.64906973592937,0.5880423840135336,1.8904497772455215,0.07553979195654392,0.0017481173202395439,1.5615816470235586
1.644136719405651,1.1857400629669428,2.87011805921793e-06,1.655806876718998,0.3627767264842987,1.6769552156329155,1.64906973592937,0.5880423840135336,1.8904497772455215,0.07553979195654392,0.0017481173202395439,1.5615816470235586
0.5531154721975327,0.316763561218977,2.87011805921793e-06,1.655806876718998,0.3627767264842987,1.6769552156329155,1.64906973592937,0.5880423840135336,1.8904497772455215,0.07553979195654392,0.0017481173202395439,1.5615816470235586
0.5531154721975327,1.1857400629669428,5.709069380536676e-05,1.655806876718998,0.3627767264842987,1.6769552156329155,1.64906973592937,0.5880423840135336,1.8904497772455215,0.07553979195654392,0.0017481173202395439,1.5615816470235586
0.5531154721975327,1.1857400629669428,2.87011805921793e-06,0.3249652683734894,0.3627767264842987,1.6769552156329155,1.64906973592937,0.5880423840135336,1.8904497772455215,0.07553979195654392,0.0017481173202395439,1.5615816470235586
0.5531154721975327,1.1857400629669428,2.87011805921793e-06,1.655806876718998,0.2865996710024774,1.6769552156329155,1.64906973592937,0.5880423840135336,1.8904497772455215,0.07553979195654392,0.0017481173202395439,1.5615816470235586
0.5531154721975327,1.1857400629669428,2.87011805921793e-06,1.655806876718998,0.3627767264842987,0.8427040707319975,1.64906973592937,0.5880423840135336,1.8904497772455215,0.07553979195654392,0.0017481173202395439,1.5615816470235586
0.5531154721975327,1.1857400629669428,2.87011805921793e-06,1.655806876718998,0.3627767264842987,1.6769552156329155,0.2768718682974577,0.5880423840135336,1.8904497772455215,0.07553979195654392,0.0017481173202395439,1.5615816470235586
0.5531154721975327,1.1857400629669428,2.87011805921793e-06,1.655806876718998,0.3627767264842987,1.6769552156329155,1.64906973592937,1.9999387580901384,1.8904497772455215,0.07553979195654392,0.0017481173202395439,1.5615816470235586
0.5531154721975327,1.1857400629669428,2.87011805921793e-06,1.655806876718998,0.3627767264842987,1.6769552156329155,1.64906973592937,0.5880423840135336,0.7877007946372032,0.07553979195654392,0.0017481173202395439,1.5615816470235586
0.5531154721975327,1.1857400629669428,2.87011805921793e-06,1.655806876718998,0.3627767264842987,1.6769552156329155,1.64906973592937,0.5880423840135336,1.8904497772455215,0.009640905484557151,0.0017481173202395439,1.5615816470235586
0.5531154721975327,1.1857400629669428,2.87011805921793e-06,1.655806876718998,0.3627767264842987,1.6769552156329155,1.64906973592937,0.5880423840135336,1.8904497772455215,0.07553979195654392,0.000200400123372674,1.5615816470235586
0.5531154721975327,1.1857400629669428,2.87011805921793e-06,1.655806876718998,0.3627767264842987,1.6769552156329155,1.64906973592937,0.5880423840135336,1.8904497772455215,0.07553979195654392,0.0017481173202395439,1.8383943103253841
0.5531154721975327,0.316763561218977,5.709069380536676e-05,0.3249652683734894,0.2865996710024774,0.8427040707319975,0.2768718682974577,1.9999387580901384,0.7877007946372032,0.009640905484557151,0.000200400123372674,1.8383943103253841
1.644136719405651,1.1857400629669428,5.709069380536676e-05,0.3249652683734894,0.2865996710024774,0.8427040707319975,0.2768718682974577,1.9999387580901384,0.7877007946372032,0.009640905484557151,0.000200400123372674,1.8383943103253841
1.644136719405651,0.316763561218977,2.87011805921793e-06,0.3249652683734894,0.2865996710024774,0.8427040707319975,0.2768718682974577,1.9999387580901384,0.7877007946372032,0.009640905484557151,0.000200400123372674,1.8383943103253841
1.644136719405651,0.316763561218977,5.709069380536676e-05,1.655806876718998,0.2865996710024774,0.8427040707319975,0.2768718682974577,1.9999387580901384,0.7877007946372032,0.009640905484557151,0.000200400123372674,1.8383943103253841
1.644136719405651,0.316763561218977,5.709069380536676e-05,0.3249652683734894,0.3627767264842987,0.8427040707319975,0.2768718682974577,1.9999387580901384,0.7877007946372032,0.009640905484557151,0.000200400123372674,1.8383943103253841
1.644136719405651,0.316763561218977,5.709069380536676e-05,0.3249652683734894,0.2865996710024774,1.6769552156329155,0.2768718682974577,1.9999387580901384,0.7877007946372032,0.009640905484557151,0.000200400123372674,1.8383943103253841
1.644136719405651,0.316763561218977,5.709069380536676e-05,0.3249652683734894,0.2865996710024774,0.8427040707319975,1.64906973592937,1.9999387580901384,0.7877007946372032,0.009640905484557151,0.000200400123372674,1.8383943103253841
1.644136719405651,0.316763561218977,5.709069380536676e-05,0.3249652683734894,0.2865996710024774,0.8427040707319975,0.2768718682974577,0.5880423840135336,0.7877007946372032,0.009640905484557151,0.000200400123372674,1.8383943103253841
1.644136719405651,0.316763561218977,5.709069380536676e-05,0.3249652683734894,0.2865996710024774,0.8427040707319975,0.2768718682974577,1.9999387580901384,1.8904497772455215,0.009640905484557151,0.000200400123372674,1.8383943103253841
1.644136719405651,0.316763561218977,5.709069380536676e-05,0.3249652683734894,0.2865996710024774,0.8427040707319975,0.2768718682974577,1.9999387580901384,0.7877007946372032,0.07553979195654392,0.000200400123372674,1.8383943103253841
1.644136719405651,0.316763561218977,5.709069380536676e-05,0.3249652683734894,0.2865996710024774,0.8427040707319975,0.2768718682974577,1.9999387580901384,0.7877007946372032,0.009640905484557151,0.0017481173202395439,1.8383943103253841
1.644136719405651,0.316763561218977,5.709069380536676e-05,0.3249652683734894,0.2865996710024774,0.8427040707319975,0.2768718682974577,1.9999387580901384,0.7877007946372032,0.009640905484557151,0.000200400123372674,1.5615816470235586
1.644136719405651,0.316763561218977,5.709069380536676e-05,0.3249652683734894,0.2865996710024774,0.8427040707319975,0.2768718682974577,1.9999387580901384,0.7877007946372032,0.009640905484557151,0.000200400123372674,1.8383943103253841
1.8419662956148386,0.5807867329567671,9.01436629705131e-05,0.8676050771027803,0.14546827133744955,0.5246255025267601,0.2712534585595131,1.1881076581776142,0.572623873129487,0.02778785228729248,0.004307557046413422,0.7256387881934643
0.18301929160952568,0.5807867329567671,9.01436629705131e-05,0.8676050771027803,0.14546827133744955,0.5246255025267601,0.2712534585595131,1.1881076581776142,0.572623873129487,0.02778785228729248,0.004307557046413422,0.7256387881934643
1.8419662956148386,1.7099248114973307,9.01436629705131e-05,0.8676050771027803,0.14546827133744955,0.5246255025267601,0.2712534585595131,1.1881076581776142,0.572623873129487,0.02778785228729248,0.004307557046413422,0.7256387881934643
1.8419662956148386,0.5807867329567671,3.696713987737894e-05,0.8676050771027803,0.14546827133744955,0.5246255025267601,0.2712534585595131,1.1881076581776142,0.572623873129487,0.02778785228729248,0.004307557046413422,0.7256387881934643
1.8419662956148386,0.5807867329567671,9.01436629705131e-05,1.4287357106804848,0.14546827133744955,0.5246255025267601,0.2712534585595131,1.1881076581776142,0.572623873129487,0.02778785228729248,0.004307557046413422,0.7256387881934643
1.8419662956148386,0.5807867329567671,9.01436629705131e-05,0.8676050771027803,0.18874943163245916,0.5246255025267601,0.2712534585595131,1.1881076581776142,0.572623873129487,0.02778785228729248,0.004307557046413422,0.7256387881934643
1.8419662956148386,0.5807867329567671,9.01436629705131e-05,0.8676050771027803,0.14546827133744955,1.1551109366118908,0.2712534585595131,1.1881076581776142,0.572623873129487,0.02778785228729248,0.004307557046413422,0.7256387881934643
1.8419662956148386,0.5807867329567671,9.01436629705131e-05,0.8676050771027803,0.14546827133744955,0.5246255025267601,1.037631412819028,1.1881076581776142,0.572623873129487,0.02778785228729248,0.004307557046413422,0.7256387881934643
1.8419662956148386,0.5807867329567671,9.01436629705131e-05,0.8676050771027803,0.14546827133744955,0.5246255025267601,0.2712534585595131,0.7514655888080597,0.572623873129487,0.02778785228729248,0.004307557046413422,0.7256387881934643
1.8419662956148386,0.5807867329567671,9.01436629705131e-05,0.8676050771027803,0.14546827133744955,0.5246255025267601,0.2712534585595131,1.1881076581776142,1.4914633631706238,0.02778785228729248,0.004307557046413422,0.7256387881934643
1.8419662956148386,0.5807867329567671,9.01436629705131e-05,0.8676050771027803,0.14546827133744955,0.5246255025267601,0.2712534585595131,1.1881076581776142,0.572623873129487,0.06355742774903775,0.004307557046413422,0.7256387881934643
1.8419662956148386,0.5807867329567671,9.01436629705131e-05,0.8676050771027803,0.14546827133744955,0.5246255025267601,0.2712534585595131,1.1881076581776142,0.572623873129487,0.02778785228729248,0.005401535801589489,0.7256387881934643
1.8419662956148386,0.5807867329567671,9.01436629705131e-05,0.8676050771027803,0.14546827133744955,0.5246255025267601,0.2712534585595131,1.1881076581776142,0.572623873129487,0.02778785228729248,0.004307557046413422,0.6979398764669895
1.8419662956148386,1.7099248114973307,3.696713987737894e-05,1.4287357106804848,0.18874943163245916,1.1551109366118908,1.037631412819028,0.7514655888080597,1.4914633631706238,0.06355742774903775,0.005401535801589489,0.6979398764669895
0.18301929160952568,0.5807867329567671,3.696713987737894e-05,1.4287357106804848,0.18874943163245916,1.1551109366118908,1.037631412819028,0.7514655888080597,1.4914633631706238,0.06355742774903775,0.005401535801589489,0.6979398764669895
0.18301929160952568,1.7099248114973307,9.01436629705131e-05,1.4287357106804848,0.18874943163245916,1.1551109366118908,1.037631412819028,0.7514655888080597,1.4914633631706238,0.06355742774903775,0.005401535801589489,0.6979398764669895
0.18301929160952568,1.7099248114973307,3.696713987737894e-05,0.8676050771027803,0.18874943163245916,1.1551109366118908,1.037631412819028,0.7514655888080597,1.4914633631706238,0.06355742774903775,0.005401535801589489,0.6979398764669895
0.18301929160952568,1.7099248114973307,3.696713987737894e-05,1.4287357106804848,0.14546827133744955,1.1551109366118908,1.037631412819028,0.7514655888080597,1.4914633631706238,0.06355742774903775,0.005401535801589489,0.6979398764669895
0.18301929160952568,1.7099248114973307,3.696713987737894e-05,1.4287357106804848,0.18874943163245916,0.5246255025267601,1.037631412819028,0.7514655888080597,1.4914633631706238,0.06355742774903775,0.005401535801589489,0.6979398764669895
0.18301929160952568,1.7099248114973307,3.696713987737894e-05,1.4287357106804848,0.18874943163245916,1.1551109366118908,0.2712534585595131,0.7514655888080597,1.4914633631706238,0.06355742774903775,0.005401535801589489,0.6979398764669895
0.18301929160952568,1.7099248114973307,3.696713987737894e-05,1.4287357106804848,0.18874943163245916,1.1551109366118908,1.037631412819028,1.1881076581776142,1.4914633631706238,0.06355742774903775,0.005401535801589489,0.6979398764669895
0.18301929160952568,1.7099248114973307,3.696713987737894e-05,1.4287357106804848,0.18874943163245916,1.1551109366118908,1.037631412819028,0.7514655888080597,0.572623873129487,0.06355742774903775,0.005401535801589489,0.6979398764669895
0.18301929160952568,1.7099248114973307,3.696713987737894e-05,1.4287357106804848,0.18874943163245916,1.1551109366118908,1.037631412819028,0.7514655888080597,1.4914633631706238,0.02778785228729248,0.005401535801589489,0.6979398764669895
0.18301929160952568,1.7099248114973307,3.696713987737894e-05,1.4287357106804848,0.18874943163245916,1.1551109366118908,1.037631412819028,0.7514655888080597,1.4914633631706238,0.06355742774903775,0.004307557046413422,0.6979398764669895
0.18301929160952568,1.7099248114973307,3.696713987737894e-05,1.4287357106804848,0.18874943163245916,1.1551109366118908,1.037631412819028,0.7514655888080597,1.4914633631706238,0.06355742774903775,0.005401535801589489,0.7256387881934643
0.18301929160952568,1.7099248114973307,3.696713987737894e-05,1.4287357106804848,0.18874943163245916,1.1551109366118908,1.037631412819028,0.7514655888080597,1.4914633631706238,0.06355742774903775,0.005401535801589489,0.6979398764669895
1.0851973555982113,1.5748896207660437,2.7019075863063336e-05,1.1231507919728756,0.061987549532204866,0.36523162201046944,1.0534801273792982,1.7030906677246094,0.08852800913155079,0.0051163450628519055,0.00553761769272387,0.43529778346419334
1.132892295718193,1.5748896207660437,2.7019075863063336e-05,1.1231507919728756,0.061987549532204866,0.36523162201046944,1.0534801273792982,1.7030906677246094,0.08852800913155079,0.0051163450628519055,0.00553761769272387,0.43529778346419334
1.0851973555982113,0.7116939648985863,2.7019075863063336e-05,1.1231507919728756,0.061987549532204866,0.36523162201046944,1.0534801273792982,1.7030906677246094,0.08852800913155079,0.0051163450628519055,0.00553761769272387,0.43529778346419334
1.0851973555982113,1.5748896207660437,5.8375990949571135e-06,1.1231507919728756,0.061987549532204866,0.36523162201046944,1.0534801273792982,1.7030906677246094,0.08852800913155079,0.0051163450628519055,0.00553761769272387,0.43529778346419334
1.0851973555982113,1.5748896207660437,2.7019075863063336e-05,0.5138455331325531,0.061987549532204866,0.36523162201046944,1.0534801273792982,1.7030906677246094,0.08852800913155079,0.0051163450628519055,0.00553761769272387,0.43529778346419334
1.0851973555982113,1.5748896207660437,2.7019075863063336e-05,1.1231507919728756,0.10628395155072212,0.36523162201046944,1.0534801273792982,1.7030906677246094,0.08852800913155079,0.0051163450628519055,0.00553761769272387,0.43529778346419334
1.0851973555982113,1.5748896207660437,2.7019075863063336e-05,1.1231507919728756,0.061987549532204866,0.4918323699384928,1.0534801273792982,1.7030906677246094,0.08852800913155079,0.0051163450628519055,0.00553761769272387,0.43529778346419334
1.0851973555982113,1.5748896207660437,2.7019075863063336e-05,1.1231507919728756,0.061987549532204866,0.36523162201046944,1.7145596071332694,1.7030906677246094,0.08852800913155079,0.0051163450628519055,0.00553761769272387,0.43529778346419334
1.0851973555982113,1.5748896207660437,2.7019075863063336e-05,1.1231507919728756,0.061987549532204866,0.36523162201046944,1.0534801273792982,1.2537099365144968,0.08852800913155079,0.0051163450628519055,0.00553761769272387,0.43529778346419334
1.0851973555982113,1.5748896207660437,2.7019075863063336e-05,1.1231507919728756,0.061987549532204866,0.36523162201046944,1.0534801273792982,1.7030906677246094,0.24081751890480518,0.0051163450628519055,0.00553761769272387,0.43529778346419334
1.0851973555982113,1.5748896207660437,2.7019075863063336e-05,1.1231507919728756,0.061987549532204866,0.36523162201046944,1.0534801273792982,1.7030906677246094,0.08852800913155079,0.05984772741794586,0.00553761769272387,0.43529778346419334
1.0851973555982113,1.5748896207660437,2.7019075863063336e-05,1.1231507919728756,0.061987549532204866,0.36523162201046944,1.0534801273792982,1.7030906677246094,0.08852800913155079,0.0051163450628519055,0.0024233830589801076,0.43529778346419334
1.0851973555982113,1.5748896207660437,2.7019075863063336e-05,1.1231507919728756,0.061987549532204866,0.36523162201046944,1.0534801273792982,1.7030906677246094,0.08852800913155079,0.0051163450628519055,0.00553761769272387,1.2144126072525978
1.0851973555982113,0.7116939648985863,5.8375990949571135e-06,0.5138455331325531,0.10628395155072212,0.4918323699384928,1.7145596071332694,1.2537099365144968,0.24081751890480518,0.05984772741794586,0.0024233830589801076,1.2144126072525978
1.132892295718193,1.5748896207660437,5.8375990949571135e-06,0.5138455331325531,0.10628395155072212,0.4918323699384928,1.7145596071332694,1.2537099365144968,0.24081751890480518,0.05984772741794586,0.0024233830589801076,1.2144126072525978
1.132892295718193,0.7116939648985863,2.7019075863063336e-05,0.5138455331325531,0.10628395155072212,0.4918323699384928,1.7145596071332694,1.2537099365144968,0.24081751890480518,0.05984772741794586,0.0024233830589801076,1.2144126072525978
1.132892295718193,0.7116939648985863,5.8375990949571135e-06,1.1231507919728756,0.10628395155072212,0.4918323699384928,1.7145596071332694,1.2537099365144968,0.24081751890480518,0.05984772741794586,0.0024233830589801076,1.2144126072525978
1.132892295718193,0.7116939648985863,5.8375990949571135e-06,0.5138455331325531,0.061987549532204866,0.4918323699384928,1.7145596071332694,1.2537099365144968,0.24081751890480518,0.05984772741794586,0.0024233830589801076,1.2144126072525978
1.132892295718193,0.7116939648985863,5.8375990949571135e-06,0.5138455331325531,0.10628395155072212,0.36523162201046944,1.7145596071332694,1.2537099365144968,0.24081751890480518,0.05984772741794586,0.0024233830589801076,1.2144126072525978
1.132892295718193,0.7116939648985863,5.8375990949571135e-06,0.5138455331325531,0.10628395155072212,0.4918323699384928,1.0534801273792982,1.2537099365144968,0.24081751890480518,0.05984772741794586,0.0024233830589801076,1.2144126072525978
1.132892295718193,0.7116939648985863,5.8375990949571135e-06,0.5138455331325531,0.10628395155072212,0.4918323699384928,1.7145596071332694,1.7030906677246094,0.24081751890480518,0.05984772741794586,0.0024233830589801076,1.2144126072525978
1.132892295718193,0.7116939648985863,5.8375990949571135e-06,0.5138455331325531,0.10628395155072212,0.4918323699384928,1.7145596071332694,1.2537099365144968,0.08852800913155079,0.05984772741794586,0.0024233830589801076,1.2144126072525978
1.132892295718193,0.7116939648985863,5.8375990949571135e-06,0.5138455331325531,0.10628395155072212,0.4918323699384928,1.7145596071332694,1.2537099365144968,0.24081751890480518,0.0051163450628519055,0.0024233830589801076,1.2144126072525978
1.132892295718193,0.7116939648985863,5.8375990949571135e-06,0.5138455331325531,0.10628395155072212,0.4918323699384928,1.7145596071332694,1.2537099365144968,0.24081751890480518,0.05984772741794586,0.00553761769272387,1.2144126072525978
1.132892295718193,0.7116939648985863,5.8375990949571135e-06,0.5138455331325531,0.10628395155072212,0.4918323699384928,1.7145596071332694,1.2537099365144968,0.24081751890480518,0.05984772741794586,0.0024233830589801076,0.43529778346419334
1.132892295718193,0.7116939648985863,5.8375990949571135e-06,0.5138455331325531,0.10628395155072212,0.4918323699384928,1.7145596071332694,1.2537099365144968,0.24081751890480518,0.05984772741794586,0.0024233830589801076,1.2144126072525978
0.31196009181439877,0.15639007277786732,6.434211945161223e-05,0.4003815110772848,0.46188244922086596,1.46287377551198,0.5911979839205742,0.08331112749874592,1.4054295793175697,0.05783044219017029,0.00040077980048954485,1.3493506219238043
0.6571238078176975,0.15639007277786732,6.434211945161223e-05,0.4003815110772848,0.46188244922086596,1.46287377551198,0.5911979839205742,0.08331112749874592,1.4054295793175697,0.05783044219017029,0.00040077980048954485,1.3493506219238043
0.31196009181439877,1.3226828705519438,6.434211945161223e-05,0.4003815110772848,0.46188244922086596,1.46287377551198,0.5911979839205742,0.08331112749874592,1.4054295793175697,0.05783044219017029,0.00040077980048954485,1.3493506219238043
0.31196009181439877,0.15639007277786732,7.596058510243894e-05,0.4003815110772848,0.46188244922086596,1.46287377551198,0.5911979839205742,0.08331112749874592,1.4054295793175697,0.05783044219017029,0.00040077980048954485,1.3493506219238043
0.31196009181439877,0.15639007277786732,6.434211945161223e-05,1.740143932402134,0.46188244922086596,1.46287377551198,0.5911979839205742,0.08331112749874592,1.4054295793175697,0.05783044219017029,0.00040077980048954485,1.3493506219238043
0.31196009181439877,0.15639007277786732,6.434211945161223e-05,0.4003815110772848,0.383698804769665,1.46287377551198,0.5911979839205742,0.08331112749874592,1.4054295793175697,0.05783044219017029,0.00040077980048954485,1.3493506219238043
0.31196009181439877,0.15639007277786732,6.434211945161223e-05,0.4003815110772848,0.46188244922086596,1.5542996153235435,0.5911979839205742,0.08331112749874592,1.4054295793175697,0.05783044219017029,0.00040077980048954485,1.3493506219238043
0.31196009181439877,0.15639007277786732,6.434211945161223e-05,0.4003815110772848,0.46188244922086596,1.46287377551198,0.6348845604807138,0.08331112749874592,1.4054295793175697,0.05783044219017029,0.00040077980048954485,1.3493506219238043
0.31196009181439877,0.15639007277786732,6.434211945161223e-05,0.4003815110772848,0.46188244922086596,1.46287377551198,0.5911979839205742,0.4976932033896446,1.4054295793175697,0.05783044219017029,0.00040077980048954485,1.3493506219238043
0.31196009181439877,0.15639007277786732,6.434211945161223e-05,0.4003815110772848,0.46188244922086596,1.46287377551198,0.5911979839205742,0.08331112749874592,1.538337642326951,0.05783044219017029,0.00040077980048954485,1.3493506219238043
0.31196009181439877,0.15639007277786732,6.434211945161223e-05,0.4003815110772848,0.46188244922086596,1.46287377551198,0.5911979839205742,0.08331112749874592,1.4054295793175697,0.03319416463375092,0.00040077980048954485,1.3493506219238043
0.31196009181439877,0.15639007277786732,6.434211945161223e-05,0.4003815110772848,0.46188244922086596,1.46287377551198,0.5911979839205742,0.08331112749874592,1.4054295793175697,0.05783044219017029,0.0032254048436880112,1.3493506219238043
0.31196009181439877,0.15639007277786732,6.434211945161223e-05,0.4003815110772848,0.46188244922086596,1.46287377551198,0.5911979839205742,0.08331112749874592,1.4054295793175697,0.05783044219017029,0.00040077980048954485,0.32395248115062714
0.31196009181439877,1.3226828705519438,7.596058510243894e-05,1.740143932402134,0.383698804769665,1.5542996153235435,0.6348845604807138,0.4976932033896446,1.538337642326951,0.03319416463375092,0.0032254048436880112,0.32395248115062714
0.6571238078176975,0.15639007277786732,7.596058510243894e-05,1.740143932402134,0.383698804769665,1.5542996153235435,0.6348845604807138,0.4976932033896446,1.538337642326951,0.03319416463375092,0.0032254048436880112,0.32395248115062714
0.6571238078176975,1.3226828705519438,6.434211945161223e-05,1.740143932402134,0.383698804769665,1.5542996153235435,0.6348845604807138,0.4976932033896446,1.538337642326951,0.03319416463375092,0.0032254048436880112,0.32395248115062714
0.6571238078176975,1.3226828705519438,7.596058510243894e-05,0.4003815110772848,0.383698804769665,1.5542996153235435,0.6348845604807138,0.4976932033896446,1.538337642326951,0.03319416463375092,0.0032254048436880112,0.32395248115062714
0.6571238078176975,1.3226828705519438,7.596058510243894e-05,1.740143932402134,0.46188244922086596,1.5542996153235435,0.6348845604807138,0.4976932033896446,1.538337642326951,0.03319416463375092,0.0032254048436880112,0.32395248115062714
0.6571238078176975,1.3226828705519438,7.596058510243894e-05,1.740143932402134,0.383698804769665,1.46287377551198,0.6348845604807138,0.4976932033896446,1.538337642326951,0.03319416463375092,0.0032254048436880112,0.32395248115062714
0.6571238078176975,1.3226828705519438,7.596058510243894e-05,1.740143932402134,0.383698804769665,1.5542996153235435,0.5911979839205742,0.4976932033896446,1.538337642326951,0.03319416463375092,0.0032254048436880112,0.32395248115062714
0.6571238078176975,1.3226828705519438,7.596058510243894e-05,1.740143932402134,0.383698804769665,1.5542996153235435,0.6348845604807138,0.08331112749874592,1.538337642326951,0.03319416463375092,0.0032254048436880112,0.32395248115062714
0.6571238078176975,1.3226828705519438,7.596058510243894e-05,1.740143932402134,0.383698804769665,1.5542996153235435,0.6348845604807138,0.4976932033896446,1.4054295793175697,0.03319416463375092,0.0032254048436880112,0.32395248115062714
0.6571238078176975,1.3226828705519438,7.596058510243894e-05,1.740143932402134,0.383698804769665,1.5542996153235435,0.6348845604807138,0.4976932033896446,1.538337642326951,0.05783044219017029,0.0032254048436880112,0.32395248115062714
0.6571238078176975,1.3226828705519438,7.596058510243894e-05,1.740143932402134,0.383698804769665,1.5542996153235435,0.6348845604807138,0.4976932033896446,1.538337642326951,0.03319416463375092,0.00040077980048954485,0.32395248115062714
0.6571238078176975,1.3226828705519438,7.596058510243894e-05,1.740143932402134,0.383698804769665,1.5542996153235435,0.6348845604807138,0.4976932033896446,1.538337642326951,0.03319416463375092,0.0032254048436880112,1.3493506219238043
0.6571238078176975,1.3226828705519438,7.596058510243894e-05,1.740143932402134,0.383698804769665,1.5542996153235435,0.6348845604807138,0.4976932033896446,1.538337642326951,0.03319416463375092,0.0032254048436880112,0.32395248115062714
0.088850362226367,1.9222278222441673,8.477446902543307e-05,0.20396344177424908,0.3985344097018242,1.9171857815235853,1.2701113095879555,1.960258113220334,0.34241431951522827,0.03666047528386116,0.00496069954521954,1.0897598415613174
1.416288798674941,1.9222278222441673,8.477446902543307e-05,0.20396344177424908,0.3985344097018242,1.9171857815235853,1.2701113095879555,1.960258113220334,0.34241431951522827,0.03666047528386116,0.00496069954521954,1.0897598415613174
0.088850362226367,1.8557789251208305,8.477446902543307e-05,0.20396344177424908,0.3985344097018242,1.9171857815235853,1.2701113095879555,1.960258113220334,0.34241431951522827,0.03666047528386116,0.00496069954521954,1.0897598415613174
0.088850362226367,1.9222278222441673,9.628392206504941e-05,0.20396344177424908,0.3985344097018242,1.9171857815235853,1.2701113095879555,1.960258113220334,0.34241431951522827,0.03666047528386116,0.00496069954521954,1.0897598415613174
0.088850362226367,1.9222278222441673,8.477446902543307e-05,1.8642105776816607,0.3985344097018242,1.9171857815235853,1.2701113095879555,1.960258113220334,0.34241431951522827,0.03666047528386116,0.00496069954521954,1.0897598415613174
0.088850362226367,1.9222278222441673,8.477446902543307e-05,0.20396344177424908,0.4925399157218635,1.9171857815235853,1.2701113095879555,1.960258113220334,0.34241431951522827,0.03666047528386116,0.00496069954521954,1.0897598415613174
0.088850362226367,1.9222278222441673,8.477446902543307e-05,0.20396344177424908,0.3985344097018242,1.8167570978403091,1.2701113095879555,1.960258113220334,0.34241431951522827,0.03666047528386116,0.00496069954521954,1.0897598415613174
0.088850362226367,1.9222278222441673,8.477446902543307e-05,0.20396344177424908,0.3985344097018242,1.9171857815235853,1.576356488093734,1.960258113220334,0.34241431951522827,0.03666047528386116,0.00496069954521954,1.0897598415613174
0.088850362226367,1.9222278222441673,8.477446902543307e-05,0.20396344177424908,0.3985344097018242,1.9171857815235853,1.2701113095879555,1.5520779080688953,0.34241431951522827,0.03666047528386116,0.00496069954521954,1.0897598415613174
0.088850362226367,1.9222278222441673,8.477446902543307e-05,0.20396344177424908,0.3985344097018242,1.9171857815235853,1.2701113095879555,1.960258113220334,0.7083190269768238,0.03666047528386116,0.00496069954521954,1.0897598415613174
0.088850362226367,1.9222278222441673,8.477446902543307e-05,0.20396344177424908,0.3985344097018242,1.9171857815235853,1.2701113095879555,1.960258113220334,0.34241431951522827,0.010380040034651757,0.00496069954521954,1.0897598415613174
0.088850362226367,1.9222278222441673,8.477446902543307e-05,0.20396344177424908,0.3985344097018242,1.9171857815235853,1.2701113095879555,1.960258113220334,0.34241431951522827,0.03666047528386116,0.002025478491559625,1.0897598415613174
0.088850362226367,1.9222278222441673,8.477446902543307e-05,0.20396344177424908,0.3985344097018242,1.9171857815235853,1.2701113095879555,1.960258113220334,0.34241431951522827,0.03666047528386116,0.00496069954521954,0.23495541885495186
0.088850362226367,1.8557789251208305,9.628392206504941e-05,1.8642105776816607,0.4925399157218635,1.8167570978403091,1.576356488093734,1.5520779080688953,0.7083190269768238,0.010380040034651757,0.002025478491559625,0.23495541885495186
1.416288798674941,1.9222278222441673,9.628392206504941e-05,1.8642105776816607,0.4925399157218635,1.8167570978403091,1.576356488093734,1.5520779080688953,0.7083190269768238,0.010380040034651757,0.002025478491559625,0.23495541885495186
1.416288798674941,1.8557789251208305,8.477446902543307e-05,1.8642105776816607,0.4925399157218635,1.8167570978403091,1.576356488093734,1.5520779080688953,0.7083190269768238,0.010380040034651757,0.002025478491559625,0.23495541885495186
1.416288798674941,1.8557789251208305,9.628392206504941e-05,0.20396344177424908,0.4925399157218635,1.8167570978403091,1.576356488093734,1.5520779080688953,0.7083190269768238,0.010380040034651757,0.002025478491559625,0.23495541885495186
1.416288798674941,1.8557789251208305,9.628392206504941e-05,1.8642105776816607,0.3985344097018242,1.8167570978403091,1.576356488093734,1.5520779080688953,0.7083190269768238,0.010380040034651757,0.002025478491559625,0.23495541885495186
1.416288798674941,1.8557789251208305,9.628392206504941e-05,1.8642105776816607,0.4925399157218635,1.9171857815235853,1.576356488093734,1.5520779080688953,0.7083190269768238,0.010380040034651757,0.002025478491559625,0.23495541885495186
1.416288798674941,1.8557789251208305,9.628392206504941e-05,1.8642105776816607,0.4925399157218635,1.8167570978403091,1.2701113095879555,1.5520779080688953,0.7083190269768238,0.010380040034651757,0.002025478491559625,0.23495541885495186
1.416288798674941,1.8557789251208305,9.628392206504941e-05,1.8642105776816607,0.4925399157218635,1.8167570978403091,1.576356488093734,1.960258113220334,0.7083190269768238,0.010380040034651757,0.002025478491559625,0.23495541885495186
1.416288798674941,1.8557789251208305,9.628392206504941e-05,1.8642105776816607,0.4925399157218635,1.8167570978403091,1.576356488093734,1.5520779080688953,0.34241431951522827,0.010380040034651757,0.002025478491559625,0.23495541885495186
1.416288798674941,1.8557789251208305,9.628392206504941e-05,1.8642105776816607,0.4925399157218635,1.8167570978403091,1.576356488093734,1.5520779080688953,0.7083190269768238,0.03666047528386116,0.002025478491559625,0.23495541885495186
1.416288798674941,1.8557789251208305,9.628392206504941e-05,1.8642105776816607,0.4925399157218635,1.8167570978403091,1.576356488093734,1.5520779080688953,0.7083190269768238,0.010380040034651757,0.00496069954521954,0.23495541885495186
1.416288798674941,1.8557789251208305,9.628392206504941e-05,1.8642105776816607,0.4925399157218635,1.8167570978403091,1.576356488093734,1.5520779080688953,0.7083190269768238,0.010380040034651757,0.002025478491559625,1.0897598415613174
1.416288798674941,1.8557789251208305,9.628392206504941e-05,1.8642105776816607,0.4925399157218635,1.8167570978403091,1.576356488093734,1.5520779080688953,0.7083190269768238,0.010380040034651757,0.002025478491559625,0.23495541885495186
1.2995151318609715,0.3406642787158489,2.2109527420252564e-05,1.3039452321827412,0.12460130359977484,0.7570435684174299,0.807831075116992,0.3261314034461975,1.1515432093292475,0.06875213377177715,0.0011004673037678003,0.1288169864565134
0.8776489365845919,0.3406642787158489,2.2109527420252564e-05,1.3039452321827412,0.12460130359977484,0.7570435684174299,0.807831075116992,0.3261314034461975,1.1515432093292475,0.06875213377177715,0.0011004673037678003,0.1288169864565134
1.2995151318609715,0.2490020226687193,2.2109527420252564e-05,1.3039452321827412,0.12460130359977484,0.7570435684174299,0.807831075116992,0.3261314034461975,1.1515432093292475,0.06875213377177715,0.0011004673037678003,0.1288169864565134
1.2995151318609715,0.3406642787158489,2.303560059517622e-05,1.3039452321827412,0.12460130359977484,0.7570435684174299,0.807831075116992,0.3261314034461975,1.1515432093292475,0.06875213377177715,0.0011004673037678003,0.1288169864565134
1.2995151318609715,0.3406642787158489,2.2109527420252564e-05,0.8898556623607874,0.12460130359977484,0.7570435684174299,0.807831075116992,0.3261314034461975,1.1515432093292475,0.06875213377177715,0.0011004673037678003,0.1288169864565134
1.2995151318609715,0.3406642787158489,2.2109527420252564e-05,1.3039452321827412,0.027715795673429966,0.7570435684174299,0.807831075116992,0.3261314034461975,1.1515432093292475,0.06875213377177715,0.0011004673037678003,0.1288169864565134
1.2995151318609715,0.3406642787158489,2.2109527420252564e-05,1.3039452321827412,0.12460130359977484,0.12928508408367634,0.807831075116992,0.3261314034461975,1.1515432093292475,0.06875213377177715,0.0011004673037678003,0.1288169864565134
1.2995151318609715,0.3406642787158489,2.2109527420252564e-05,1.3039452321827412,0.12460130359977484,0.7570435684174299,0.7872972933202982,0.3261314034461975,1.1515432093292475,0.06875213377177715,0.0011004673037678003,0.1288169864565134
1.2995151318609715,0.3406642787158489,2.2109527420252564e-05,1.3039452321827412,0.12460130359977484,0.7570435684174299,0.807831075116992,0.6984716858714819,1.1515432093292475,0.06875213377177715,0.0011004673037678003,0.1288169864565134
1.2995151318609715,0.3406642787158489,2.2109527420252564e-05,1.3039452321827412,0.12460130359977484,0.7570435684174299,0.807831075116992,0.3261314034461975,1.004427682608366,0.06875213377177715,0.0011004673037678003,0.1288169864565134
1.2995151318609715,0.3406642787158489,2.2109527420252564e-05,1.3039452321827412,0.12460130359977484,0.7570435684174299,0.807831075116992,0.3261314034461975,1.1515432093292475,0.07642180882394314,0.0011004673037678003,0.1288169864565134
1.2995151318609715,0.3406642787158489,2.2109527420252564e-05,1.3039452321827412,0.12460130359977484,0.7570435684174299,0.807831075116992,0.3261314034461975,1.1515432093292475,0.06875213377177715,0.004325722150504589,0.1288169864565134
1.2995151318609715,0.3406642787158489,2.2109527420252564e-05,1.3039452321827412,0.12460130359977484,0.7570435684174299,0.807831075116992,0.3261314034461975,1.1515432093292475,0.06875213377177715,0.0011004673037678003,1.3444096855819225
1.2995151318609715,0.2490020226687193,2.303560059517622e-05,0.8898556623607874,0.027715795673429966,0.12928508408367634,0.7872972933202982,0.6984716858714819,1.004427682608366,0.07642180882394314,0.004325722150504589,1.3444096855819225
0.8776489365845919,0.3406642787158489,2.303560059517622e-05,0.8898556623607874,0.027715795673429966,0.12928508408367634,0.7872972933202982,0.6984716858714819,1.004427682608366,0.07642180882394314,0.004325722150504589,1.3444096855819225
0.8776489365845919,0.2490020226687193,2.2109527420252564e-05,0.8898556623607874,0.027715795673429966,0.12928508408367634,0.7872972933202982,0.6984716858714819,1.004427682608366,0.07642180882394314,0.004325722150504589,1.3444096855819225
0.8776489365845919,0.2490020226687193,2.303560059517622e-05,1.3039452321827412,0.027715795673429966,0.12928508408367634,0.7872972933202982,0.6984716858714819,1.004427682608366,0.07642180882394314,0.004325722150504589,1.3444096855819225
0.8776489365845919,0.2490020226687193,2.303560059517622e-05,0.8898556623607874,0.12460130359977484,0.12928508408367634,0.7872972933202982,0.6984716858714819,1.004427682608366,0.07642180882394314,0.004325722150504589,1.3444096855819225
0.8776489365845919,0.2490020226687193,2.303560059517622e-05,0.8898556623607874,0.027715795673429966,0.7570435684174299,0.7872972933202982,0.6984716858714819,1.004427682608366,0.07642180882394314,0.004325722150504589,1.3444096855819225
0.8776489365845919,0.2490020226687193,2.303560059517622e-05,0.8898556623607874,0.027715795673429966,0.12928508408367634,0.807831075116992,0.6984716858714819,1.004427682608366,0.07642180882394314,0.004325722150504589,1.3444096855819225
0.8776489365845919,0.2490020226687193,2.303560059517622e-05,0.8898556623607874,0.027715795673429966,0.12928508408367634,0.7872972933202982,0.3261314034461975,1.004427682608366,0.07642180882394314,0.004325722150504589,1.3444096855819225
0.8776489365845919,0.2490020226687193,2.303560059517622e-05,0.8898556623607874,0.027715795673429966,0.12928508408367634,0.7872972933202982,0.6984716858714819,1.1515432093292475,0.07642180882394314,0.004325722150504589,1.3444096855819225
0.8776489365845919,0.2490020226687193,2.303560059517622e-05,0.8898556623607874,0.027715795673429966,0.12928508408367634,0.7872972933202982,0.6984716858714819,1.004427682608366,0.06875213377177715,0.004325722150504589,1.3444096855819225
0.8776489365845919,0.2490020226687193,2.303560059517622e-05,0.8898556623607874,0.027715795673429966,0.12928508408367634,0.7872972933202982,0.6984716858714819,1.004427682608366,0.07642180882394314,0.0011004673037678003,1.3444096855819225
0.8776489365845919,0.2490020226687193,2.303560059517622e-05,0.8898556623607874,0.027715795673429966,0.12928508408367634,0.7872972933202982,0.6984716858714819,1.004427682608366,0.07642180882394314,0.004325722150504589,0.1288169864565134
0.8776489365845919,0.2490020226687193,2.303560059517622e-05,0.8898556623607874,0.027715795673429966,0.12928508408367634,0.7872972933202982,0.6984716858714819,1.004427682608366,0.07642180882394314,0.004325722150504589,1.3444096855819225
1.5582486409693956,1.3151894249022007,6.072696801275015e-05,0.548138165846467,0.20713596837595105,0.10546218045055866,1.4324379608035087,0.8150527365505695,1.636554168537259,0.04647124841809273,0.0027534964978694915,0.9622647855430841
1.9236293565481901,1.3151894249022007,6.072696801275015e-05,0.548138165846467,0.20713596837595105,0.10546218045055866,1.4324379608035087,0.8150527365505695,1.636554168537259,0.04647124841809273,0.0027534964978694915,0.9622647855430841
1.5582486409693956,1.2351480834186077,6.072696801275015e-05,0.548138165846467,0.20713596837595105,0.10546218045055866,1.4324379608035087,0.8150527365505695,1.636554168537259,0.04647124841809273,0.0027534964978694915,0.9622647855430841
1.5582486409693956,1.3151894249022007,4.166859416291118e-05,0.548138165846467,0.20713596837595105,0.10546218045055866,1.4324379608035087,0.8150527365505695,1.636554168537259,0.04647124841809273,0.0027534964978694915,0.9622647855430841
1.5582486409693956,1.3151894249022007,6.072696801275015e-05,1.0528475362807512,0.20713596837595105,0.10546218045055866,1.4324379608035087,0.8150527365505695,1.636554168537259,0.04647124841809273,0.0027534964978694915,0.9622647855430841
1.5582486409693956,1.3151894249022007,6.072696801275015e-05,0.548138165846467,0.17378120310604572,0.10546218045055866,1.4324379608035087,0.8150527365505695,1.636554168537259,0.04647124841809273,0.0027534964978694915,0.9622647855430841
1.5582486409693956,1.3151894249022007,6.072696801275015e-05,0.548138165846467,0.20713596837595105,1.4815246798098087,1.4324379608035087,0.8150527365505695,1.636554168537259,0.04647124841809273,0.0027534964978694915,0.9622647855430841
1.5582486409693956,1.3151894249022007,6.072696801275015e-05,0.548138165846467,0.20713596837595105,0.10546218045055866,0.13905814163386823,0.8150527365505695,1.636554168537259,0.04647124841809273,0.0027534964978694915,0.9622647855430841
1.5582486409693956,1.3151894249022007,6.072696801275015e-05,0.548138165846467,0.20713596837595105,0.10546218045055866,1.4324379608035087,1.1967184953391552,1.636554168537259,0.04647124841809273,0.0027534964978694915,0.9622647855430841
1.5582486409693956,1.3151894249022007,6.072696801275015e-05,0.548138165846467,0.20713596837595105,0.10546218045055866,1.4324379608035087,0.8150527365505695,0.2551966141909361,0.04647124841809273,0.0027534964978694915,0.9622647855430841
1.5582486409693956,1.3151894249022007,6.072696801275015e-05,0.548138165846467,0.20713596837595105,0.10546218045055866,1.4324379608035087,0.8150527365505695,1.636554168537259,0.04013398349285126,0.0027534964978694915,0.9622647855430841
1.5582486409693956,1.3151894249022007,6.072696801275015e-05,0.548138165846467,0.20713596837595105,0.10546218045055866,1.4324379608035087,0.8150527365505695,1.636554168537259,0.04647124841809273,0.0013478884119540453,0.9622647855430841
1.5582486409693956,1.3151894249022007,6.072696801275015e-05,0.548138165846467,0.20713596837595105,0.10546218045055866,1.4324379608035087,0.8150527365505695,1.636554168537259,0.04647124841809273,0.0027534964978694915,0.8609116673469543
1.5582486409693956,1.2351480834186077,4.166859416291118e-05,1.0528475362807512,0.17378120310604572,1.4815246798098087,0.13905814163386823,1.1967184953391552,0.2551966141909361,0.04013398349285126,0.0013478884119540453,0.8609116673469543
1.9236293565481901,1.3151894249022007,4.166859416291118e-05,1.0528475362807512,0.17378120310604572,1.4815246798098087,0.13905814163386823,1.1967184953391552,0.2551966141909361,0.04013398349285126,0.0013478884119540453,0.8609116673469543
1.9236293565481901,1.2351480834186077,6.072696801275015e-05,1.0528475362807512,0.17378120310604572,1.4815246798098087,0.13905814163386823,1.1967184953391552,0.2551966141909361,0.04013398349285126,0.0013478884119540453,0.8609116673469543
1.9236293565481901,1.2351480834186077,4.166859416291118e-05,0.548138165846467,0.17378120310604572,1.4815246798098087,0.13905814163386823,1.1967184953391552,0.2551966141909361,0.04013398349285126,0.0013478884119540453,0.8609116673469543
1.9236293565481901,1.2351480834186077,4.166859416291118e-05,1.0528475362807512,0.20713596837595105,1.4815246798098087,0.13905814163386823,1.1967184953391552,0.2551966141909361,0.04013398349285126,0.0013478884119540453,0.8609116673469543
1.9236293565481901,1.2351480834186077,4.166859416291118e-05,1.0528475362807512,0.17378120310604572,0.10546218045055866,0.13905814163386823,1.1967184953391552,0.2551966141909361,0.04013398349285126,0.0013478884119540453,0.8609116673469543
1.9236293565481901,1.2351480834186077,4.166859416291118e-05,1.0528475362807512,0.17378120310604572,1.4815246798098087,1.4324379608035087,1.1967184953391552,0.2551966141909361,0.04013398349285126,0.0013478884119540453,0.8609116673469543
1.9236293565481901,1.2351480834186077,4.166859416291118e-05,1.0528475362807512,0.17378120310604572,1.4815246798098087,0.13905814163386823,0.8150527365505695,0.2551966141909361,0.04013398349285126,0.0013478884119540453,0.8609116673469543
1.9236293565481901,1.2351480834186077,4.166859416291118e-05,1.0528475362807512,0.17378120310604572,1.4815246798098087,0.13905814163386823,1.1967184953391552,1.636554168537259,0.04013398349285126,0.0013478884119540453,0.8609116673469543
1.9236293565481901,1.2351480834186077,4.166859416291118e-05,1.0528475362807512,0.17378120310604572,1.4815246798098087,0.13905814163386823,1.1967184953391552,0.2551966141909361,0.04647124841809273,0.0013478884119540453,0.8609116673469543
1.9236293565481901,1.2351480834186077,4.166859416291118e-05,1.0528475362807512,0.17378120310604572,1.4815246798098087,0.13905814163386823,1.1967184953391552,0.2551966141909361,0.04013398349285126,0.0027534964978694915,0.8609116673469543
1.9236293565481901,1.2351480834186077,4.166859416291118e-05,1.0528475362807512,0.17378120310604572,1.4815246798098087,0.13905814163386823,1.1967184953391552,0.2551966141909361,0.04013398349285126,0.0013478884119540453,0.9622647855430841
1.9236293565481901,1.2351480834186077,4.166859416291118e-05,1.0528475362807512,0.17378120310604572,1.4815246798098087,0.13905814163386823,1.1967184953391552,0.2551966141909361,0.04013398349285126,0.0013478884119540453,0.8609116673469543
0.831947423517704,0.920205608010292,4.801405956968665e-05,1.959646224975586,0.30037474585697055,1.1952918339520693,0.0546200828999281,1.461081212386489,0.8265195414423943,0.019341748878359794,0.0031911272630095484,1.7513176202774048
0.399635786190629,0.920205608010292,4.801405956968665e-05,1.959646224975586,0.30037474585697055,1.1952918339520693,0.0546200828999281,1.461081212386489,0.8265195414423943,0.019341748878359794,0.0031911272630095484,1.7513176202774048
0.831947423517704,0.8460751418024302,4.801405956968665e-05,1.959646224975586,0.30037474585697055,1.1952918339520693,0.0546200828999281,1.461081212386489,0.8265195414423943,0.019341748878359794,0.0031911272630095484,1.7513176202774048
0.831947423517704,0.920205608010292,6.491672918200494e-05,1.959646224975586,0.30037474585697055,1.1952918339520693,0.0546200828999281,1.461081212386489,0.8265195414423943,0.019341748878359794,0.0031911272630095484,1.7513176202774048
0.831947423517704,0.920205608010292,4.801405956968665e-05,0.20102081634104252,0.30037474585697055,1.1952918339520693,0.0546200828999281,1.461081212386489,0.8265195414423943,0.019341748878359794,0.0031911272630095484,1.7513176202774048
0.831947423517704,0.920205608010292,4.801405956968665e-05,1.959646224975586,0.3337949295528233,1.1952918339520693,0.0546200828999281,1.461081212386489,0.8265195414423943,0.019341748878359794,0.0031911272630095484,1.7513176202774048
0.831947423517704,0.920205608010292,4.801405956968665e-05,1.959646224975586,0.30037474585697055,0.5441149529069662,0.0546200828999281,1.461081212386489,0.8265195414423943,0.019341748878359794,0.0031911272630095484,1.7513176202774048
0.831947423517704,0.920205608010292,4.801405956968665e-05,1.959646224975586,0.30037474585697055,1.1952918339520693,1.1895363069325686,1.461081212386489,0.8265195414423943,0.019341748878359794,0.0031911272630095484,1.7513176202774048
0.831947423517704,0.920205608010292,4.801405956968665e-05,1.959646224975586,0.30037474585697055,1.1952918339520693,0.0546200828999281,0.053830428048968315,0.8265195414423943,0.019341748878359794,0.0031911272630095484,1.7513176202774048
0.831947423517704,0.920205608010292,4.801405956968665e-05,1.959646224975586,0.30037474585697055,1.1952918339520693,0.0546200828999281,1.461081212386489,1.9575630333274603,0.019341748878359794,0.0031911272630095484,1.7513176202774048
0.831947423517704,0.920205608010292,4.801405956968665e-05,1.959646224975586,0.30037474585697055,1.1952918339520693,0.0546200828999281,1.461081212386489,0.8265195414423943,0.02682392418384552,0.0031911272630095484,1.7513176202774048
0.831947423517704,0.920205608010292,4.801405956968665e-05,1.959646224975586,0.30037474585697055,1.1952918339520693,0.0546200828999281,1.461081212386489,0.8265195414423943,0.019341748878359794,0.005050164207816124,1.7513176202774048
0.831947423517704,0.920205608010292,4.801405956968665e-05,1.959646224975586,0.30037474585697055,1.1952918339520693,0.0546200828999281,1.461081212386489,0.8265195414423943,0.019341748878359794,0.0031911272630095484,1.720360241830349
0.831947423517704,0.8460751418024302,6.491672918200494e-05,0.20102081634104252,0.3337949295528233,0.5441149529069662,1.1895363069325686,0.053830428048968315,1.9575630333274603,0.02682392418384552,0.005050164207816124,1.720360241830349
0.399635786190629,0.920205608010292,6.491672918200494e-05,0.20102081634104252,0.3337949295528233,0.5441149529069662,1.1895363069325686,0.053830428048968315,1.9575630333274603,0.02682392418384552,0.005050164207816124,1.720360241830349
0.399635786190629,0.8460751418024302,4.801405956968665e-05,0.20102081634104252,0.3337949295528233,0.5441149529069662,1.1895363069325686,0.053830428048968315,1.9575630333274603,0.02682392418384552,0.005050164207816124,1.720360241830349
0.399635786190629,0.8460751418024302,6.491672918200494e-05,1.959646224975586,0.3337949295528233,0.5441149529069662,1.1895363069325686,0.053830428048968315,1.9575630333274603,0.02682392418384552,0.005050164207816124,1.720360241830349
0.399635786190629,0.8460751418024302,6.491672918200494e-05,0.20102081634104252,0.30037474585697055,0.5441149529069662,1.1895363069325686,0.053830428048968315,1.9575630333274603,0.02682392418384552,0.005050164207816124,1.720360241830349
0.399635786190629,0.8460751418024302,6.491672918200494e-05,0.20102081634104252,0.3337949295528233,1.1952918339520693,1.1895363069325686,0.053830428048968315,1.9575630333274603,0.02682392418384552,0.005050164207816124,1.720360241830349
0.399635786190629,0.8460751418024302,6.491672918200494e-05,0.20102081634104252,0.3337949295528233,0.5441149529069662,0.0546200828999281,0.053830428048968315,1.9575630333274603,0.02682392418384552,0.005050164207816124,1.720360241830349
0.399635786190629,0.8460751418024302,6.491672918200494e-05,0.20102081634104252,0.3337949295528233,0.5441149529069662,1.1895363069325686,1.461081212386489,1.9575630333274603,0.02682392418384552,0.005050164207816124,1.720360241830349
0.399635786190629,0.8460751418024302,6.491672918200494e-05,0.20102081634104252,0.3337949295528233,0.5441149529069662,1.1895363069325686,0.053830428048968315,0.8265195414423943,0.02682392418384552,0.005050164207816124,1.720360241830349
0.399635786190629,0.8460751418024302,6.491672918200494e-05,0.20102081634104252,0.3337949295528233,0.5441149529069662,1.1895363069325686,0.053830428048968315,1.9575630333274603,0.019341748878359794,0.005050164207816124,1.720360241830349
0.399635786190629,0.8460751418024302,6.491672918200494e-05,0.20102081634104252,0.3337949295528233,0.5441149529069662,1.1895363069325686,0.053830428048968315,1.9575630333274603,0.02682392418384552,0.0031911272630095484,1.720360241830349
0.399635786190629,0.8460751418024302,6.491672918200494e-05,0.20102081634104252,0.3337949295528233,0.5441149529069662,1.1895363069325686,0.053830428048968315,1.9575630333274603,0.02682392418384552,0.005050164207816124,1.7513176202774048
0.399635786190629,0.8460751418024302,6.491672918200494e-05,0.20102081634104252,0.3337949295528233,0.5441149529069662,1.1895363069325686,0.053830428048968315,1.9575630333274603,0.02682392418384552,0.005050164207816124,1.720360241830349
0.8829345460981131,1.714154463261366,5.4464478418231015e-05,1.399160100147128,0.16700887447223067,1.3435612227767706,1.2029650419205429,1.8195754326879978,0.4873112253844738,0.0509698448330164,0.0034276131223887206,1.645443968474865
0.8668428584933281,1.714154463261366,5.4464478418231015e-05,1.399160100147128,0.16700887447223067,1.3435612227767706,1.2029650419205429,1.8195754326879978,0.4873112253844738,0.0509698448330164,0.0034276131223887206,1.645443968474865
0.8829345460981131,1.01279828697443,5.4464478418231015e-05,1.399160100147128,0.16700887447223067,1.3435612227767706,1.2029650419205429,1.8195754326879978,0.4873112253844738,0.0509698448330164,0.0034276131223887206,1.645443968474865
0.8829345460981131,1.714154463261366,1.18138263002038e-05,1.399160100147128,0.16700887447223067,1.3435612227767706,1.2029650419205429,1.8195754326879978,0.4873112253844738,0.0509698448330164,0.0034276131223887206,1.645443968474865
0.8829345460981131,1.714154463261366,5.4464478418231015e-05,1.9693278335034847,0.16700887447223067,1.3435612227767706,1.2029650419205429,1.8195754326879978,0.4873112253844738,0.0509698448330164,0.0034276131223887206,1.645443968474865
0.8829345460981131,1.714154463261366,5.4464478418231015e-05,1.399160100147128,0.09242519084364176,1.3435612227767706,1.2029650419205429,1.8195754326879978,0.4873112253844738,0.0509698448330164,0.0034276131223887206,1.645443968474865
0.8829345460981131,1.714154463261366,5.4464478418231015e-05,1.399160100147128,0.16700887447223067,1.742045996710658,1.2029650419205429,1.8195754326879978,0.4873112253844738,0.0509698448330164,0.0034276131223887206,1.645443968474865
0.8829345460981131,1.714154463261366,5.4464478418231015e-05,1.399160100147128,0.16700887447223067,1.3435612227767706,1.409046054184437,1.8195754326879978,0.4873112253844738,0.0509698448330164,0.0034276131223887206,1.645443968474865
0.8829345460981131,1.714154463261366,5.4464478418231015e-05,1.399160100147128,0.16700887447223067,1.3435612227767706,1.2029650419205429,1.4972703978419304,0.4873112253844738,0.0509698448330164,0.0034276131223887206,1.645443968474865
0.8829345460981131,1.714154463261366,5.4464478418231015e-05,1.399160100147128,0.16700887447223067,1.3435612227767706,1.2029650419205429,1.8195754326879978,0.5719510577619076,0.0509698448330164,0.0034276131223887206,1.645443968474865
0.8829345460981131,1.714154463261366,5.4464478418231015e-05,1.399160100147128,0.16700887447223067,1.3435612227767706,1.2029650419205429,1.8195754326879978,0.4873112253844738,0.0709137674421072,0.0034276131223887206,1.645443968474865
0.8829345460981131,1.714154463261366,5.4464478418231015e-05,1.399160100147128,0.16700887447223067,1.3435612227767706,1.2029650419205429,1.8195754326879978,0.4873112253844738,0.0509698448330164,0.0010011055245995521,1.645443968474865
0.8829345460981131,1.714154463261366,5.4464478418231015e-05,1.399160100147128,0.16700887447223067,1.3435612227767706,1.2029650419205429,1.8195754326879978,0.4873112253844738,0.0509698448330164,0.0034276131223887206,0.07213836163282394
0.8829345460981131,1.01279828697443,1.18138263002038e-05,1.9693278335034847,0.09242519084364176,1.742045996710658,1.409046054184437,1.4972703978419304,0.5719510577619076,0.0709137674421072,0.0010011055245995521,0.07213836163282394
0.8668428584933281,1.714154463261366,1.18138263002038e-05,1.9693278335034847,0.09242519084364176,1.742045996710658,1.409046054184437,1.4972703978419304,0.5719510577619076,0.0709137674421072,0.0010011055245995521,0.07213836163282394
0.8668428584933281,1.01279828697443,5.4464478418231015e-05,1.9693278335034847,0.09242519084364176,1.742045996710658,1.409046054184437,1.4972703978419304,0.5719510577619076,0.0709137674421072,0.0010011055245995521,0.07213836163282394
0.8668428584933281,1.01279828697443,1.18138263002038e-05,1.399160100147128,0.09242519084364176,1.742045996710658,1.409046054184437,1.4972703978419304,0.5719510577619076,0.0709137674421072,0.0010011055245995521,0.07213836163282394
0.8668428584933281,1.01279828697443,1.18138263002038e-05,1.9693278335034847,0.16700887447223067,1.742045996710658,1.409046054184437,1.4972703978419304,0.5719510577619076,0.0709137674421072,0.0010011055245995521,0.07213836163282394
0.8668428584933281,1.01279828697443,1.18138263002038e-05,1.9693278335034847,0.09242519084364176,1.3435612227767706,1.409046054184437,1.4972703978419304,0.5719510577619076,0.0709137674421072,0.0010011055245995521,0.07213836163282394
0.8668428584933281,1.01279828697443,1.18138263002038e-05,1.9693278335034847,0.09242519084364176,1.742045996710658,1.2029650419205429,1.4972703978419304,0.5719510577619076,0.0709137674421072,0.0010011055245995521,0.07213836163282394
0.8668428584933281,1.01279828697443,1.18138263002038e-05,1.9693278335034847,0.09242519084364176,1.742045996710658,1.409046054184437,1.8195754326879978,0.5719510577619076,0.0709137674421072,0.0010011055245995521,0.07213836163282394
0.8668428584933281,1.01279828697443,1.18138263002038e-05,1.9693278335034847,0.09242519084364176,1.742045996710658,1.409046054184437,1.4972703978419304,0.4873112253844738,0.0709137674421072,0.0010011055245995521,0.07213836163282394
0.8668428584933281,1.01279828697443,1.18138263002038e-05,1.9693278335034847,0.09242519084364176,1.742045996710658,1.409046054184437,1.4972703978419304,0.5719510577619076,0.0509698448330164,0.0010011055245995521,0.07213836163282394
0.8668428584933281,1.01279828697443,1.18138263002038e-05,1.9693278335034847,0.09242519084364176,1.742045996710658,1.409046054184437,1.4972703978419304,0.5719510577619076,0.0709137674421072,0.0034276131223887206,0.07213836163282394
0.8668428584933281,1.01279828697443,1.18138263002038e-05,1.9693278335034847,0.09242519084364176,1.742045996710658,1.409046054184437,1.4972703978419304,0.5719510577619076,0.0709137674421072,0.0010011055245995521,1.645443968474865
0.8668428584933281,1.01279828697443,1.18138263002038e-05,1.9693278335034847,0.09242519084364176,1.742045996710658,1.409046054184437,1.4972703978419304,0.5719510577619076,0.0709137674421072,0.0010011055245995521,0.07213836163282394
1.7190568558871746,0.05444400757551193,4.177503483369947e-05,0.12437363341450691,0.32474618637934327,0.4880764689296484,0.7442610201239587,0.46633260510861874,1.0532772298902273,0.003217175602912903,0.0026105990912765266,0.5751260984688997
1.3430952541530132,0.05444400757551193,4.177503483369947e-05,0.12437363341450691,0.32474618637934327,0.4880764689296484,0.7442610201239587,0.46633260510861874,1.0532772298902273,0.003217175602912903,0.0026105990912765266,0.5751260984688997
1.7190568558871746,0.9059517960995436,4.177503483369947e-05,0.12437363341450691,0.32474618637934327,0.4880764689296484,0.7442610201239587,0.46633260510861874,1.0532772298902273,0.003217175602912903,0.0026105990912765266,0.5751260984688997
1.7190568558871746,0.05444400757551193,8.231574753299355e-05,0.12437363341450691,0.32474618637934327,0.4880764689296484,0.7442610201239587,0.46633260510861874,1.0532772298902273,0.003217175602912903,0.0026105990912765266,0.5751260984688997
1.7190568558871746,0.05444400757551193,4.177503483369947e-05,0.7766826935112476,0.32474618637934327,0.4880764689296484,0.7442610201239587,0.46633260510861874,1.0532772298902273,0.003217175602912903,0.0026105990912765266,0.5751260984688997
1.7190568558871746,0.05444400757551193,4.177503483369947e-05,0.12437363341450691,0.43222546903416514,0.4880764689296484,0.7442610201239587,0.46633260510861874,1.0532772298902273,0.003217175602912903,0.0026105990912765266,0.5751260984688997
1.7190568558871746,0.05444400757551193,4.177503483369947e-05,0.12437363341450691,0.32474618637934327,0.30457427725195885,0.7442610201239587,0.46633260510861874,1.0532772298902273,0.003217175602912903,0.0026105990912765266,0.5751260984688997
1.7190568558871746,0.05444400757551193,4.177503483369947e-05,0.12437363341450691,0.32474618637934327,0.4880764689296484,0.8252786765992641,0.46633260510861874,1.0532772298902273,0.003217175602912903,0.0026105990912765266,0.5751260984688997
1.7190568558871746,0.05444400757551193,4.177503483369947e-05,0.12437363341450691,0.32474618637934327,0.4880764689296484,0.7442610201239587,0.2532795015722513,1.0532772298902273,0.003217175602912903,0.0026105990912765266,0.5751260984688997
1.7190568558871746,0.05444400757551193,4.177503483369947e-05,0.12437363341450691,0.32474618637934327,0.4880764689296484,0.7442610201239587,0.46633260510861874,1.1488825716078281,0.003217175602912903,0.0026105990912765266,0.5751260984688997
1.7190568558871746,0.05444400757551193,4.177503483369947e-05,0.12437363341450691,0.32474618637934327,0.4880764689296484,0.7442610201239587,0.46633260510861874,1.0532772298902273,0.01729417882859707,0.0026105990912765266,0.5751260984688997
1.7190568558871746,0.05444400757551193,4.177503483369947e-05,0.12437363341450691,0.32474618637934327,0.4880764689296484,0.7442610201239587,0.46633260510861874,1.0532772298902273,0.003217175602912903,0.004600841933861375,0.5751260984688997
1.7190568558871746,0.05444400757551193,4.177503483369947e-05,0.12437363341450691,0.32474618637934327,0.4880764689296484,0.7442610201239587,0.46633260510861874,1.0532772298902273,0.003217175602912903,0.0026105990912765266,1.4628082811832428
1.7190568558871746,0.9059517960995436,8.231574753299355e-05,0.7766826935112476,0.43222546903416514,0.30457427725195885,0.8252786765992641,0.2532795015722513,1.1488825716078281,0.01729417882859707,0.004600841933861375,1.4628082811832428
1.3430952541530132,0.05444400757551193,8.231574753299355e-05,0.7766826935112476,0.43222546903416514,0.30457427725195885,0.8252786765992641,0.2532795015722513,1.1488825716078281,0.01729417882859707,0.004600841933861375,1.4628082811832428
1.3430952541530132,0.9059517960995436,4.177503483369947e-05,0.7766826935112476,0.43222546903416514,0.30457427725195885,0.8252786765992641,0.2532795015722513,1.1488825716078281,0.01729417882859707,0.004600841933861375,1.4628082811832428
1.3430952541530132,0.9059517960995436,8.231574753299355e-05,0.12437363341450691,0.43222546903416514,0.30457427725195885,0.8252786765992641,0.2532795015722513,1.1488825716078281,0.01729417882859707,0.004600841933861375,1.4628082811832428
1.3430952541530132,0.9059517960995436,8.231574753299355e-05,0.7766826935112476,0.32474618637934327,0.30457427725195885,0.8252786765992641,0.2532795015722513,1.1488825716078281,0.01729417882859707,0.004600841933861375,1.4628082811832428
1.3430952541530132,0.9059517960995436,8.231574753299355e-05,0.7766826935112476,0.43222546903416514,0.4880764689296484,0.8252786765992641,0.2532795015722513,1.1488825716078281,0.01729417882859707,0.004600841933861375,1.4628082811832428
1.3430952541530132,0.9059517960995436,8.231574753299355e-05,0.7766826935112476,0.43222546903416514,0.30457427725195885,0.7442610201239587,0.2532795015722513,1.1488825716078281,0.01729417882859707,0.004600841933861375,1.4628082811832428
1.3430952541530132,0.9059517960995436,8.231574753299355e-05,0.7766826935112476,0.43222546903416514,0.30457427725195885,0.8252786765992641,0.46633260510861874,1.1488825716078281,0.01729417882859707,0.004600841933861375,1.4628082811832428
1.3430952541530132,0.9059517960995436,8.231574753299355e-05,0.7766826935112476,0.43222546903416514,0.30457427725195885,0.8252786765992641,0.2532795015722513,1.0532772298902273,0.01729417882859707,0.004600841933861375,1.4628082811832428
1.3430952541530132,0.9059517960995436,8.231574753299355e-05,0.7766826935112476,0.43222546903416514,0.30457427725195885,0.8252786765992641,0.2532795015722513,1.1488825716078281,0.003217175602912903,0.004600841933861375,1.4628082811832428
1.3430952541530132,0.9059517960995436,8.231574753299355e-05,0.7766826935112476,0.43222546903416514,0.30457427725195885,0.8252786765992641,0.2532795015722513,1.1488825716078281,0.01729417882859707,0.0026105990912765266,1.4628082811832428
1.3430952541530132,0.9059517960995436,8.231574753299355e-05,0.7766826935112476,0.43222546903416514,0.30457427725195885,0.8252786765992641,0.2532795015722513,1.1488825716078281,0.01729417882859707,0.004600841933861375,0.5751260984688997
1.3430952541530132,0.9059517960995436,8.231574753299355e-05,0.7766826935112476,0.43222546903416514,0.30457427725195885,0.8252786765992641,0.2532795015722513,1.1488825716078281,0.01729417882859707,0.004600841933861375,1.4628082811832428
1.4777903649955988,1.0408562272787094,7.85615585744381e-05,1.86833774484694,0.47560995537787676,0.6552829090505838,1.4995978175848723,0.9559860248118639,1.5375545304268599,0.020936293378472328,0.0012404694445431234,0.2718456108123064
0.35562847554683685,1.0408562272787094,7.85615585744381e-05,1.86833774484694,0.47560995537787676,0.6552829090505838,1.4995978175848723,0.9559860248118639,1.5375545304268599,0.020936293378472328,0.0012404694445431234,0.2718456108123064
1.4777903649955988,1.8920940421521664,7.85615585744381e-05,1.86833774484694,0.47560995537787676,0.6552829090505838,1.4995978175848723,0.9559860248118639,1.5375545304268599,0.020936293378472328,0.0012404694445431234,0.2718456108123064
1.4777903649955988,1.0408562272787094,5.113678388297558e-05,1.86833774484694,0.47560995537787676,0.6552829090505838,1.4995978175848723,0.9559860248118639,1.5375545304268599,0.020936293378472328,0.0012404694445431234,0.2718456108123064
1.4777903649955988,1.0408562272787094,7.85615585744381e-05,1.1586658619344234,0.47560995537787676,0.6552829090505838,1.4995978175848723,0.9559860248118639,1.5375545304268599,0.020936293378472328,0.0012404694445431234,0.2718456108123064
1.4777903649955988,1.0408562272787094,7.85615585744381e-05,1.86833774484694,0.27250439720228314,0.6552829090505838,1.4995978175848723,0.9559860248118639,1.5375545304268599,0.020936293378472328,0.0012404694445431234,0.2718456108123064
1.4777903649955988,1.0408562272787094,7.85615585744381e-05,1.86833774484694,0.47560995537787676,1.0923683736473322,1.4995978175848723,0.9559860248118639,1.5375545304268599,0.020936293378472328,0.0012404694445431234,0.2718456108123064
1.4777903649955988,1.0408562272787094,7.85615585744381e-05,1.86833774484694,0.47560995537787676,0.6552829090505838,0.08635842502117157,0.9559860248118639,1.5375545304268599,0.020936293378472328,0.0012404694445431234,0.2718456108123064
1.4777903649955988,1.0408562272787094,7.85615585744381e-05,1.86833774484694,0.47560995537787676,0.6552829090505838,1.4995978175848723,1.751064419746399,1.5375545304268599,0.020936293378472328,0.0012404694445431234,0.2718456108123064
1.4777903649955988,1.0408562272787094,7.85615585744381e-05,1.86833774484694,0.47560995537787676,0.6552829090505838,1.4995978175848723,0.9559860248118639,0.4000792261213064,0.020936293378472328,0.0012404694445431234,0.2718456108123064
1.4777903649955988,1.0408562272787094,7.85615585744381e-05,1.86833774484694,0.47560995537787676,0.6552829090505838,1.4995978175848723,0.9559860248118639,1.5375545304268599,0.021159785389900206,0.0012404694445431234,0.2718456108123064
1.4777903649955988,1.0408562272787094,7.85615585744381e-05,1.86833774484694,0.47560995537787676,0.6552829090505838,1.4995978175848723,0.9559860248118639,1.5375545304268599,0.020936293378472328,0.0016259381175041199,0.2718456108123064
1.4777903649955988,1.0408562272787094,7.85615585744381e-05,1.86833774484694,0.47560995537787676,0.6552829090505838,1.4995978175848723,0.9559860248118639,1.5375545304268599,0.020936293378472328,0.0012404694445431234,0.9461224190890789
1.4777903649955988,1.8920940421521664,5.113678388297558e-05,1.1586658619344234,0.27250439720228314,1.0923683736473322,0.08635842502117157,1.751064419746399,0.4000792261213064,0.021159785389900206,0.0016259381175041199,0.9461224190890789
0.35562847554683685,1.0408562272787094,5.113678388297558e-05,1.1586658619344234,0.27250439720228314,1.0923683736473322,0.08635842502117157,1.751064419746399,0.4000792261213064,0.021159785389900206,0.0016259381175041199,0.9461224190890789
0.35562847554683685,1.8920940421521664,7.85615585744381e-05,1.1586658619344234,0.27250439720228314,1.0923683736473322,0.08635842502117157,1.751064419746399,0.4000792261213064,0.021159785389900206,0.0016259381175041199,0.9461224190890789
0.35562847554683685,1.8920940421521664,5.113678388297558e-05,1.86833774484694,0.27250439720228314,1.0923683736473322,0.08635842502117157,1.751064419746399,0.4000792261213064,0.021159785389900206,0.0016259381175041199,0.9461224190890789
0.35562847554683685,1.8920940421521664,5.113678388297558e-05,1.1586658619344234,0.47560995537787676,1.0923683736473322,0.08635842502117157,1.751064419746399,0.4000792261213064,0.021159785389900206,0.0016259381175041199,0.9461224190890789
0.35562847554683685,1.8920940421521664,5.113678388297558e-05,1.1586658619344234,0.27250439720228314,0.6552829090505838,0.08635842502117157,1.751064419746399,0.4000792261213064,0.021159785389900206,0.0016259381175041199,0.9461224190890789
0.35562847554683685,1.8920940421521664,5.113678388297558e-05,1.1586658619344234,0.27250439720228314,1.0923683736473322,1.4995978175848723,1.751064419746399,0.4000792261213064,0.021159785389900206,0.0016259381175041199,0.9461224190890789
0.35562847554683685,1.8920940421521664,5.113678388297558e-05,1.1586658619344234,0.27250439720228314,1.0923683736473322,0.08635842502117157,0.9559860248118639,0.4000792261213064,0.021159785389900206,0.0016259381175041199,0.9461224190890789
0.35562847554683685,1.8920940421521664,5.113678388297558e-05,1.1586658619344234,0.27250439720228314,1.0923683736473322,0.08635842502117157,1.751064419746399,1.5375545304268599,0.021159785389900206,0.0016259381175041199,0.9461224190890789
0.35562847554683685,1.8920940421521664,5.113678388297558e-05,1.1586658619344234,0.27250439720228314,1.0923683736473322,0.08635842502117157,1.751064419746399,0.4000792261213064,0.020936293378472328,0.0016259381175041199,0.9461224190890789
0.35562847554683685,1.8920940421521664,5.113678388297558e-05,1.1586658619344234,0.27250439720228314,1.0923683736473322,0.08635842502117157,1.751064419746399,0.4000792261213064,0.021159785389900206,0.0012404694445431234,0.9461224190890789
0.35562847554683685,1.8920940421521664,5.113678388297558e-05,1.1586658619344234,0.27250439720228314,1.0923683736473322,0.08635842502117157,1.751064419746399,0.4000792261213064,0.021159785389900206,0.0016259381175041199,0.2718456108123064
0.35562847554683685,1.8920940421521664,5.113678388297558e-05,1.1586658619344234,0.27250439720228314,1.0923683736473322,0.08635842502117157,1.751064419746399,0.4000792261213064,0.021159785389900206,0.0016259381175041199,0.9461224190890789
0.12603160738945007,0.6927388049662113,1.5823951456695797e-05,0.6550718247890472,0.0005201045423746109,1.5498301032930613,0.11817567139863969,1.3206425160169601,0.9726382680237293,0.07365112006664276,0.004727154906839132,1.4515234604477882
1.8172307647764683,0.6927388049662113,1.5823951456695797e-05,0.6550718247890472,0.0005201045423746109,1.5498301032930613,0.11817567139863969,1.3206425160169601,0.9726382680237293,0.07365112006664276,0.004727154906839132,1.4515234604477882
0.12603160738945007,0.0030906889587640762,1.5823951456695797e-05,0.6550718247890472,0.0005201045423746109,1.5498301032930613,0.11817567139863969,1.3206425160169601,0.9726382680237293,0.07365112006664276,0.004727154906839132,1.4515234604477882
0.12603160738945007,0.6927388049662113,3.06354365311563e-05,0.6550718247890472,0.0005201045423746109,1.5498301032930613,0.11817567139863969,1.3206425160169601,0.9726382680237293,0.07365112006664276,0.004727154906839132,1.4515234604477882
0.12603160738945007,0.6927388049662113,1.5823951456695797e-05,0.0876331515610218,0.0005201045423746109,1.5498301032930613,0.11817567139863969,1.3206425160169601,0.9726382680237293,0.07365112006664276,0.004727154906839132,1.4515234604477882
0.12603160738945007,0.6927388049662113,1.5823951456695797e-05,0.6550718247890472,0.2375126052647829,1.5498301032930613,0.11817567139863969,1.3206425160169601,0.9726382680237293,0.07365112006664276,0.004727154906839132,1.4515234604477882
0.12603160738945007,0.6927388049662113,1.5823951456695797e-05,0.6550718247890472,0.0005201045423746109,0.9049583449959755,0.11817567139863969,1.3206425160169601,0.9726382680237293,0.07365112006664276,0.004727154906839132,1.4515234604477882
0.12603160738945007,0.6927388049662113,1.5823951456695797e-05,0.6550718247890472,0.0005201045423746109,1.5498301032930613,1.3430256386101247,1.3206425160169601,0.9726382680237293,0.07365112006664276,0.004727154906839132,1.4515234604477882
0.12603160738945007,0.6927388049662113,1.5823951456695797e-05,0.6550718247890472,0.0005201045423746109,1.5498301032930613,0.11817567139863969,0.9994841832667589,0.9726382680237293,0.07365112006664276,0.004727154906839132,1.4515234604477882
0.12603160738945007,0.6927388049662113,1.5823951456695797e-05,0.6550718247890472,0.0005201045423746109,1.5498301032930613,0.11817567139863969,1.3206425160169601,1.8207682948559523,0.07365112006664276,0.004727154906839132,1.4515234604477882
0.12603160738945007,0.6927388049662113,1.5823951456695797e-05,0.6550718247890472,0.0005201045423746109,1.5498301032930613,0.11817567139863969,1.3206425160169601,0.9726382680237293,0.046892024874687195,0.004727154906839132,1.4515234604477882
0.12603160738945007,0.6927388049662113,1.5823951456695797e-05,0.6550718247890472,0.0005201045423746109,1.5498301032930613,0.11817567139863969,1.3206425160169601,0.9726382680237293,0.07365112006664276,0.004022861139848829,1.4515234604477882
0.12603160738945007,0.6927388049662113,1.5823951456695797e-05,0.6550718247890472,0.0005201045423746109,1.5498301032930613,0.11817567139863969,1.3206425160169601,0.9726382680237293,0.07365112006664276,0.004727154906839132,1.586794275790453
0.12603160738945007,0.0030906889587640762,3.06354365311563e-05,0.0876331515610218,0.2375126052647829,0.9049583449959755,1.3430256386101247,0.9994841832667589,1.8207682948559523,0.046892024874687195,0.004022861139848829,1.586794275790453
1.8172307647764683,0.6927388049662113,3.06354365311563e-05,0.0876331515610218,0.2375126052647829,0.9049583449959755,1.3430256386101247,0.9994841832667589,1.8207682948559523,0.046892024874687195,0.004022861139848829,1.586794275790453
1.8172307647764683,0.0030906889587640762,1.5823951456695797e-05,0.0876331515610218,0.2375126052647829,0.9049583449959755,1.3430256386101247,0.9994841832667589,1.8207682948559523,0.046892024874687195,0.004022861139848829,1.586794275790453
1.8172307647764683,0.0030906889587640762,3.06354365311563e-05,0.6550718247890472,0.2375126052647829,0.9049583449959755,1.3430256386101247,0.9994841832667589,1.8207682948559523,0.046892024874687195,0.004022861139848829,1.586794275790453
1.8172307647764683,0.0030906889587640762,3.06354365311563e-05,0.0876331515610218,0.0005201045423746109,0.9049583449959755,1.3430256386101247,0.9994841832667589,1.8207682948559523,0.046892024874687195,0.004022861139848829,1.586794275790453
1.8172307647764683,0.0030906889587640762,3.06354365311563e-05,0.0876331515610218,0.2375126052647829,1.5498301032930613,1.3430256386101247,0.9994841832667589,1.8207682948559523,0.046892024874687195,0.004022861139848829,1.586794275790453
1.8172307647764683,0.0030906889587640762,3.06354365311563e-05,0.0876331515610218,0.2375126052647829,0.9049583449959755,0.11817567139863969,0.9994841832667589,1.8207682948559523,0.046892024874687195,0.004022861139848829,1.586794275790453
1.8172307647764683,0.0030906889587640762,3.06354365311563e-05,0.0876331515610218,0.2375126052647829,0.9049583449959755,1.3430256386101247,1.3206425160169601,1.8207682948559523,0.046892024874687195,0.004022861139848829,1.586794275790453
1.8172307647764683,0.0030906889587640762,3.06354365311563e-05,0.0876331515610218,0.2375126052647829,0.9049583449959755,1.3430256386101247,0.9994841832667589,0.9726382680237293,0.046892024874687195,0.004022861139848829,1.586794275790453
1.8172307647764683,0.0030906889587640762,3.06354365311563e-05,0.0876331515610218,0.2375126052647829,0.9049583449959755,1.3430256386101247,0.9994841832667589,1.8207682948559523,0.07365112006664276,0.004022861139848829,1.586794275790453
1.8172307647764683,0.0030906889587640762,3.06354365311563e-05,0.0876331515610218,0.2375126052647829,0.9049583449959755,1.3430256386101247,0.9994841832667589,1.8207682948559523,0.046892024874687195,0.004727154906839132,1.586794275790453
1.8172307647764683,0.0030906889587640762,3.06354365311563e-05,0.0876331515610218,0.2375126052647829,0.9049583449959755,1.3430256386101247,0.9994841832667589,1.8207682948559523,0.046892024874687195,0.004022861139848829,1.4515234604477882
1.8172307647764683,0.0030906889587640762,3.06354365311563e-05,0.0876331515610218,0.2375126052647829,0.9049583449959755,1.3430256386101247,0.9994841832667589,1.8207682948559523,0.046892024874687195,0.004022861139848829,1.586794275790453
0.4731733724474907,1.4581512194126844,3.32777563482523e-05,0.9608666971325874,0.06289110099896789,1.0642681568861008,1.743192571103573,0.6975895017385483,1.783639844506979,0.012480541616678237,0.0002578725479543209,1.2344131600111723
0.07663977704942226,1.4581512194126844,3.32777563482523e-05,0.9608666971325874,0.06289110099896789,1.0642681568861008,1.743192571103573,0.6975895017385483,1.783639844506979,0.012480541616678237,0.0002578725479543209,1.2344131600111723
0.4731733724474907,0.5362171493470669,3.32777563482523e-05,0.9608666971325874,0.06289110099896789,1.0642681568861008,1.743192571103573,0.6975895017385483,1.783639844506979,0.012480541616678237,0.0002578725479543209,1.2344131600111723
0.4731733724474907,1.4581512194126844,4.780900310724974e-05,0.9608666971325874,0.06289110099896789,1.0642681568861008,1.743192571103573,0.6975895017385483,1.783639844506979,0.012480541616678237,0.0002578725479543209,1.2344131600111723
0.4731733724474907,1.4581512194126844,3.32777563482523e-05,0.4615758340805769,0.06289110099896789,1.0642681568861008,1.743192571103573,0.6975895017385483,1.783639844506979,0.012480541616678237,0.0002578725479543209,1.2344131600111723
0.4731733724474907,1.4581512194126844,3.32777563482523e-05,0.9608666971325874,0.12842830922454596,1.0642681568861008,1.743192571103573,0.6975895017385483,1.783639844506979,0.012480541616678237,0.0002578725479543209,1.2344131600111723
0.4731733724474907,1.4581512194126844,3.32777563482523e-05,0.9608666971325874,0.06289110099896789,0.7318603694438934,1.743192571103573,0.6975895017385483,1.783639844506979,0.012480541616678237,0.0002578725479543209,1.2344131600111723
0.4731733724474907,1.4581512194126844,3.32777563482523e-05,0.9608666971325874,0.06289110099896789,1.0642681568861008,0.4159287315607071,0.6975895017385483,1.783639844506979,0.012480541616678237,0.0002578725479543209,1.2344131600111723
0.4731733724474907,1.4581512194126844,3.32777563482523e-05,0.9608666971325874,0.06289110099896789,1.0642681568861008,1.743192571103573,1.0542312990874052,1.783639844506979,0.012480541616678237,0.0002578725479543209,1.2344131600111723
0.4731733724474907,1.4581512194126844,3.32777563482523e-05,0.9608666971325874,0.06289110099896789,1.0642681568861008,1.743192571103573,0.6975895017385483,0.9320338517427444,0.012480541616678237,0.0002578725479543209,1.2344131600111723
0.4731733724474907,1.4581512194126844,3.32777563482523e-05,0.9608666971325874,0.06289110099896789,1.0642681568861008,1.743192571103573,0.6975895017385483,1.783639844506979,0.0690650113672018,0.0002578725479543209,1.2344131600111723
0.4731733724474907,1.4581512194126844,3.32777563482523e-05,0.9608666971325874,0.06289110099896789,1.0642681568861008,1.743192571103573,0.6975895017385483,1.783639844506979,0.012480541616678237,0.002726255513727665,1.2344131600111723
0.4731733724474907,1.4581512194126844,3.32777563482523e-05,0.9608666971325874,0.06289110099896789,1.0642681568861008,1.743192571103573,0.6975895017385483,1.783639844506979,0.012480541616678237,0.0002578725479543209,1.9724218398332596
0.4731733724474907,0.5362171493470669,4.780900310724974e-05,0.4615758340805769,0.12842830922454596,0.7318603694438934,0.4159287315607071,1.0542312990874052,0.9320338517427444,0.0690650113672018,0.002726255513727665,1.9724218398332596
0.07663977704942226,1.4581512194126844,4.780900310724974e-05,0.4615758340805769,0.12842830922454596,0.7318603694438934,0.4159287315607071,1.0542312990874052,0.9320338517427444,0.0690650113672018,0.002726255513727665,1.9724218398332596
0.07663977704942226,0.5362171493470669,3.32777563482523e-05,0.4615758340805769,0.12842830922454596,0.7318603694438934,0.4159287315607071,1.0542312990874052,0.9320338517427444,0.0690650113672018,0.002726255513727665,1.9724218398332596
0.07663977704942226,0.5362171493470669,4.780900310724974e-05,0.9608666971325874,0.12842830922454596,0.7318603694438934,0.4159287315607071,1.0542312990874052,0.9320338517427444,0.0690650113672018,0.002726255513727665,1.9724218398332596
0.07663977704942226,0.5362171493470669,4.780900310724974e-05,0.4615758340805769,0.06289110099896789,0.7318603694438934,0.4159287315607071,1.0542312990874052,0.9320338517427444,0.0690650113672018,0.002726255513727665,1.9724218398332596
0.07663977704942226,0.5362171493470669,4.780900310724974e-05,0.4615758340805769,0.12842830922454596,1.0642681568861008,0.4159287315607071,1.0542312990874052,0.9320338517427444,0.0690650113672018,0.002726255513727665,1.9724218398332596
0.07663977704942226,0.5362171493470669,4.780900310724974e-05,0.4615758340805769,0.12842830922454596,0.7318603694438934,1.743192571103573,1.0542312990874052,0.9320338517427444,0.0690650113672018,0.002726255513727665,1.9724218398332596
