x,y,z,type,volume,cycle entry,custom:GFP,custom:sample
-97.6186835613734,-335.428757901573,0,cancer,,,,
-80.793262465465,-335.428757901573,0,cancer,,,,
-63.9678413695565,-335.428757901573,0,cancer,,,,
-47.1424202736481,-335.428757901573,0,cancer,,,,
-30.3169991777397,-335.428757901573,0,cancer,,,,
-13.4915780818312,-335.428757901573,0,cancer,,,,
3.33384301407722,-335.428757901573,0,cancer,,,,
20.1592641099857,-335.428757901573,0,cancer,,,,
36.9846852058941,-335.428757901573,0,cancer,,,,
53.8101063018025,-335.428757901573,0,cancer,,,,
70.635527397711,-335.428757901573,0,cancer,,,,
87.4609484936194,-335.428757901573,0,cancer,,,,
-139.682236301145,-320.857515803145,0,cancer,,,,
-122.856815205236,-320.857515803145,0,cancer,,,,
-106.031394109328,-320.857515803145,0,cancer,,,,
-89.2059730134192,-320.857515803145,0,cancer,,,,
-72.3805519175108,-320.857515803145,0,cancer,,,,
-55.5551308216023,-320.857515803145,0,cancer,,,,
-38.7297097256939,-320.857515803145,0,cancer,,,,
-21.9042886297854,-320.857515803145,0,cancer,,,,
-5.07886753387699,-320.857515803145,0,cancer,,,,
11.7465535620314,-320.857515803145,0,cancer,,,,
28.5719746579399,-320.857515803145,0,cancer,,,,
45.3973957538483,-320.857515803145,0,cancer,,,,
62.2228168497568,-320.857515803145,0,cancer,,,,
79.0482379456652,-320.857515803145,0,cancer,,,,
95.8736590415736,-320.857515803145,0,cancer,,,,
112.699080137482,-320.857515803145,0,cancer,,,,
129.524501233391,-320.857515803145,0,cancer,,,,
-164.920367945007,-306.286273704718,0,cancer,,,,
-148.094946849099,-306.286273704718,0,cancer,,,,
-131.26952575319,-306.286273704718,0,cancer,,,,
-114.444104657282,-306.286273704718,0,cancer,,,,
-97.6186835613734,-306.286273704718,0,cancer,,,,
-80.793262465465,-306.286273704718,0,cancer,,,,
-63.9678413695565,-306.286273704718,0,cancer,,,,
-47.1424202736481,-306.286273704718,0,cancer,,,,
-30.3169991777397,-306.286273704718,0,cancer,,,,
-13.4915780818312,-306.286273704718,0,cancer,,,,
3.33384301407722,-306.286273704718,0,cancer,,,,
20.1592641099857,-306.286273704718,0,cancer,,,,
36.9846852058941,-306.286273704718,0,cancer,,,,
53.8101063018025,-306.286273704718,0,cancer,,,,
70.635527397711,-306.286273704718,0,cancer,,,,
87.4609484936194,-306.286273704718,0,cancer,,,,
104.286369589528,-306.286273704718,0,cancer,,,,
121.111790685436,-306.286273704718,0,cancer,,,,
137.937211781345,-306.286273704718,0,cancer,,,,
154.762632877253,-306.286273704718,0,cancer,,,,
-190.15849958887,-291.715031606291,0,cancer,,,,
-173.333078492961,-291.715031606291,0,cancer,,,,
-156.507657397053,-291.715031606291,0,cancer,,,,
-139.682236301145,-291.715031606291,0,cancer,,,,
-122.856815205236,-291.715031606291,0,cancer,,,,
-106.031394109328,-291.715031606291,0,cancer,,,,
-89.2059730134192,-291.715031606291,0,cancer,,,,
-72.3805519175108,-291.715031606291,0,cancer,,,,
-55.5551308216023,-291.715031606291,0,cancer,,,,
-38.7297097256939,-291.715031606291,0,cancer,,,,
-21.9042886297854,-291.715031606291,0,cancer,,,,
-5.07886753387699,-291.715031606291,0,cancer,,,,
11.7465535620314,-291.715031606291,0,cancer,,,,
28.5719746579399,-291.715031606291,0,cancer,,,,
45.3973957538483,-291.715031606291,0,cancer,,,,
62.2228168497568,-291.715031606291,0,cancer,,,,
79.0482379456652,-291.715031606291,0,cancer,,,,
95.8736590415736,-291.715031606291,0,cancer,,,,
112.699080137482,-291.715031606291,0,cancer,,,,
129.524501233391,-291.715031606291,0,cancer,,,,
146.349922329299,-291.715031606291,0,cancer,,,,
163.175343425207,-291.715031606291,0,cancer,,,,
180.000764521116,-291.715031606291,0,cancer,,,,
-198.571210136824,-277.143789507863,0,cancer,,,,
-181.745789040916,-277.143789507863,0,cancer,,,,
-164.920367945007,-277.143789507863,0,cancer,,,,
-148.094946849099,-277.143789507863,0,cancer,,,,
-131.26952575319,-277.143789507863,0,cancer,,,,
-114.444104657282,-277.143789507863,0,cancer,,,,
-97.6186835613734,-277.143789507863,0,cancer,,,,
-80.793262465465,-277.143789507863,0,cancer,,,,
-63.9678413695565,-277.143789507863,0,cancer,,,,
-47.1424202736481,-277.143789507863,0,cancer,,,,
-30.3169991777397,-277.143789507863,0,cancer,,,,
-13.4915780818312,-277.143789507863,0,cancer,,,,
3.33384301407722,-277.143789507863,0,cancer,,,,
20.1592641099857,-277.143789507863,0,cancer,,,,
36.9846852058941,-277.143789507863,0,cancer,,,,
53.8101063018025,-277.143789507863,0,cancer,,,,
70.635527397711,-277.143789507863,0,cancer,,,,
87.4609484936194,-277.143789507863,0,cancer,,,,
104.286369589528,-277.143789507863,0,cancer,,,,
121.111790685436,-277.143789507863,0,cancer,,,,
137.937211781345,-277.143789507863,0,cancer,,,,
154.762632877253,-277.143789507863,0,cancer,,,,
171.588053973162,-277.143789507863,0,cancer,,,,
188.41347506907,-277.143789507863,0,cancer,,,,
205.238896164979,-277.143789507863,0,cancer,,,,
-223.809341780687,-262.572547409436,0,cancer,,,,
-206.983920684778,-262.572547409436,0,cancer,,,,
-190.15849958887,-262.572547409436,0,cancer,,,,
-173.333078492961,-262.572547409436,0,cancer,,,,
-156.507657397053,-262.572547409436,0,cancer,,,,
-139.682236301145,-262.572547409436,0,cancer,,,,
-122.856815205236,-262.572547409436,0,cancer,,,,
-106.031394109328,-262.572547409436,0,cancer,,,,
-89.2059730134192,-262.572547409436,0,cancer,,,,
-72.3805519175108,-262.572547409436,0,cancer,,,,
-55.5551308216023,-262.572547409436,0,cancer,,,,
-38.7297097256939,-262.572547409436,0,cancer,,,,
-21.9042886297854,-262.572547409436,0,cancer,,,,
-5.07886753387699,-262.572547409436,0,cancer,,,,
11.7465535620314,-262.572547409436,0,cancer,,,,
28.5719746579399,-262.572547409436,0,cancer,,,,
45.3973957538483,-262.572547409436,0,cancer,,,,
62.2228168497568,-262.572547409436,0,cancer,,,,
79.0482379456652,-262.572547409436,0,cancer,,,,
95.8736590415736,-262.572547409436,0,cancer,,,,
112.699080137482,-262.572547409436,0,cancer,,,,
129.524501233391,-262.572547409436,0,cancer,,,,
146.349922329299,-262.572547409436,0,cancer,,,,
163.175343425207,-262.572547409436,0,cancer,,,,
180.000764521116,-262.572547409436,0,cancer,,,,
196.826185617024,-262.572547409436,0,cancer,,,,
213.651606712933,-262.572547409436,0,cancer,,,,
230.477027808841,-262.572547409436,0,cancer,,,,
-232.222052328641,-248.001305311009,0,cancer,,,,
-215.396631232732,-248.001305311009,0,cancer,,,,
-198.571210136824,-248.001305311009,0,cancer,,,,
-181.745789040916,-248.001305311009,0,cancer,,,,
-164.920367945007,-248.001305311009,0,cancer,,,,
-148.094946849099,-248.001305311009,0,cancer,,,,
-131.26952575319,-248.001305311009,0,cancer,,,,
-114.444104657282,-248.001305311009,0,cancer,,,,
-97.6186835613734,-248.001305311009,0,cancer,,,,
-80.793262465465,-248.001305311009,0,cancer,,,,
-63.9678413695565,-248.001305311009,0,cancer,,,,
-47.1424202736481,-248.001305311009,0,cancer,,,,
-30.3169991777397,-248.001305311009,0,cancer,,,,
-13.4915780818312,-248.001305311009,0,cancer,,,,
3.33384301407722,-248.001305311009,0,cancer,,,,
20.1592641099857,-248.001305311009,0,cancer,,,,
36.9846852058941,-248.001305311009,0,cancer,,,,
53.8101063018025,-248.001305311009,0,cancer,,,,
70.635527397711,-248.001305311009,0,cancer,,,,
87.4609484936194,-248.001305311009,0,cancer,,,,
104.286369589528,-248.001305311009,0,cancer,,,,
121.111790685436,-248.001305311009,0,cancer,,,,
137.937211781345,-248.001305311009,0,cancer,,,,
154.762632877253,-248.001305311009,0,cancer,,,,
171.588053973162,-248.001305311009,0,cancer,,,,
188.41347506907,-248.001305311009,0,cancer,,,,
205.238896164979,-248.001305311009,0,cancer,,,,
222.064317260887,-248.001305311009,0,cancer,,,,
238.889738356795,-248.001305311009,0,cancer,,,,
-257.460183972504,-233.430063212581,0,cancer,,,,
-240.634762876595,-233.430063212581,0,cancer,,,,
-223.809341780687,-233.430063212581,0,cancer,,,,
-206.983920684778,-233.430063212581,0,cancer,,,,
-190.15849958887,-233.430063212581,0,cancer,,,,
-173.333078492961,-233.430063212581,0,cancer,,,,
-156.507657397053,-233.430063212581,0,cancer,,,,
-139.682236301145,-233.430063212581,0,cancer,,,,
-122.856815205236,-233.430063212581,0,cancer,,,,
-106.031394109328,-233.430063212581,0,cancer,,,,
-89.2059730134192,-233.430063212581,0,cancer,,,,
-72.3805519175108,-233.430063212581,0,cancer,,,,
-55.5551308216023,-233.430063212581,0,cancer,,,,
-38.7297097256939,-233.430063212581,0,cancer,,,,
-21.9042886297854,-233.430063212581,0,cancer,,,,
-5.07886753387699,-233.430063212581,0,cancer,,,,
11.7465535620314,-233.430063212581,0,cancer,,,,
28.5719746579399,-233.430063212581,0,cancer,,,,
45.3973957538483,-233.430063212581,0,cancer,,,,
62.2228168497568,-233.430063212581,0,cancer,,,,
79.0482379456652,-233.430063212581,0,cancer,,,,
95.8736590415736,-233.430063212581,0,cancer,,,,
112.699080137482,-233.430063212581,0,cancer,,,,
129.524501233391,-233.430063212581,0,cancer,,,,
146.349922329299,-233.430063212581,0,cancer,,,,
163.175343425207,-233.430063212581,0,cancer,,,,
180.000764521116,-233.430063212581,0,cancer,,,,
196.826185617024,-233.430063212581,0,cancer,,,,
213.651606712933,-233.430063212581,0,cancer,,,,
230.477027808841,-233.430063212581,0,cancer,,,,
247.302448904749,-233.430063212581,0,cancer,,,,
-265.872894520458,-218.858821114154,0,cancer,,,,
-249.047473424549,-218.858821114154,0,cancer,,,,
-232.222052328641,-218.858821114154,0,cancer,,,,
-215.396631232732,-218.858821114154,0,cancer,,,,
-198.571210136824,-218.858821114154,0,cancer,,,,
-181.745789040916,-218.858821114154,0,cancer,,,,
-164.920367945007,-218.858821114154,0,cancer,,,,
-148.094946849099,-218.858821114154,0,cancer,,,,
-131.26952575319,-218.858821114154,0,cancer,,,,
-114.444104657282,-218.858821114154,0,cancer,,,,
-97.6186835613734,-218.858821114154,0,cancer,,,,
-80.793262465465,-218.858821114154,0,cancer,,,,
-63.9678413695565,-218.858821114154,0,cancer,,,,
-47.1424202736481,-218.858821114154,0,cancer,,,,
-30.3169991777397,-218.858821114154,0,cancer,,,,
-13.4915780818312,-218.858821114154,0,cancer,,,,
3.33384301407722,-218.858821114154,0,cancer,,,,
20.1592641099857,-218.858821114154,0,cancer,,,,
36.9846852058941,-218.858821114154,0,cancer,,,,
53.8101063018025,-218.858821114154,0,cancer,,,,
70.635527397711,-218.858821114154,0,cancer,,,,
87.4609484936194,-218.858821114154,0,cancer,,,,
104.286369589528,-218.858821114154,0,cancer,,,,
121.111790685436,-218.858821114154,0,cancer,,,,
137.937211781345,-218.858821114154,0,cancer,,,,
154.762632877253,-218.858821114154,0,cancer,,,,
171.588053973162,-218.858821114154,0,cancer,,,,
188.41347506907,-218.858821114154,0,cancer,,,,
205.238896164979,-218.858821114154,0,cancer,,,,
222.064317260887,-218.858821114154,0,cancer,,,,
238.889738356795,-218.858821114154,0,cancer,,,,
255.715159452704,-218.858821114154,0,cancer,,,,
272.540580548612,-218.858821114154,0,cancer,,,,
-274.285605068412,-204.287579015727,0,cancer,,,,
-257.460183972504,-204.287579015727,0,cancer,,,,
-240.634762876595,-204.287579015727,0,cancer,,,,
-223.809341780687,-204.287579015727,0,cancer,,,,
-206.983920684778,-204.287579015727,0,cancer,,,,
-190.15849958887,-204.287579015727,0,cancer,,,,
-173.333078492961,-204.287579015727,0,cancer,,,,
-156.507657397053,-204.287579015727,0,cancer,,,,
-139.682236301145,-204.287579015727,0,cancer,,,,
-122.856815205236,-204.287579015727,0,cancer,,,,
-106.031394109328,-204.287579015727,0,cancer,,,,
-89.2059730134192,-204.287579015727,0,cancer,,,,
-72.3805519175108,-204.287579015727,0,cancer,,,,
-55.5551308216023,-204.287579015727,0,cancer,,,,
-38.7297097256939,-204.287579015727,0,cancer,,,,
-21.9042886297854,-204.287579015727,0,cancer,,,,
-5.07886753387699,-204.287579015727,0,cancer,,,,
11.7465535620314,-204.287579015727,0,cancer,,,,
28.5719746579399,-204.287579015727,0,cancer,,,,
45.3973957538483,-204.287579015727,0,cancer,,,,
62.2228168497568,-204.287579015727,0,cancer,,,,
79.0482379456652,-204.287579015727,0,cancer,,,,
95.8736590415736,-204.287579015727,0,cancer,,,,
112.699080137482,-204.287579015727,0,cancer,,,,
129.524501233391,-204.287579015727,0,cancer,,,,
146.349922329299,-204.287579015727,0,cancer,,,,
163.175343425207,-204.287579015727,0,cancer,,,,
180.000764521116,-204.287579015727,0,cancer,,,,
196.826185617024,-204.287579015727,0,cancer,,,,
213.651606712933,-204.287579015727,0,cancer,,,,
230.477027808841,-204.287579015727,0,cancer,,,,
247.302448904749,-204.287579015727,0,cancer,,,,
264.127870000658,-204.287579015727,0,cancer,,,,
280.953291096567,-204.287579015727,0,cancer,,,,
-282.698315616366,-189.716336917299,0,cancer,,,,
-265.872894520458,-189.716336917299,0,cancer,,,,
-249.047473424549,-189.716336917299,0,cancer,,,,
-232.222052328641,-189.716336917299,0,cancer,,,,
-215.396631232732,-189.716336917299,0,cancer,,,,
-198.571210136824,-189.716336917299,0,cancer,,,,
-181.745789040916,-189.716336917299,0,cancer,,,,
-164.920367945007,-189.716336917299,0,cancer,,,,
-148.094946849099,-189.716336917299,0,cancer,,,,
-131.26952575319,-189.716336917299,0,cancer,,,,
-114.444104657282,-189.716336917299,0,cancer,,,,
-97.6186835613734,-189.716336917299,0,cancer,,,,
-80.793262465465,-189.716336917299,0,cancer,,,,
-63.9678413695565,-189.716336917299,0,cancer,,,,
-47.1424202736481,-189.716336917299,0,cancer,,,,
-30.3169991777397,-189.716336917299,0,cancer,,,,
-13.4915780818312,-189.716336917299,0,cancer,,,,
3.33384301407722,-189.716336917299,0,cancer,,,,
20.1592641099857,-189.716336917299,0,cancer,,,,
36.9846852058941,-189.716336917299,0,cancer,,,,
53.8101063018025,-189.716336917299,0,cancer,,,,
70.635527397711,-189.716336917299,0,cancer,,,,
87.4609484936194,-189.716336917299,0,cancer,,,,
104.286369589528,-189.716336917299,0,cancer,,,,
121.111790685436,-189.716336917299,0,cancer,,,,
137.937211781345,-189.716336917299,0,cancer,,,,
154.762632877253,-189.716336917299,0,cancer,,,,
171.588053973162,-189.716336917299,0,cancer,,,,
188.41347506907,-189.716336917299,0,cancer,,,,
205.238896164979,-189.716336917299,0,cancer,,,,
222.064317260887,-189.716336917299,0,cancer,,,,
238.889738356795,-189.716336917299,0,cancer,,,,
255.715159452704,-189.716336917299,0,cancer,,,,
272.540580548612,-189.716336917299,0,cancer,,,,
289.366001644521,-189.716336917299,0,cancer,,,,
-291.11102616432,-175.145094818872,0,cancer,,,,
-274.285605068412,-175.145094818872,0,cancer,,,,
-257.460183972504,-175.145094818872,0,cancer,,,,
-240.634762876595,-175.145094818872,0,cancer,,,,
-223.809341780687,-175.145094818872,0,cancer,,,,
-206.983920684778,-175.145094818872,0,cancer,,,,
-190.15849958887,-175.145094818872,0,cancer,,,,
-173.333078492961,-175.145094818872,0,cancer,,,,
-156.507657397053,-175.145094818872,0,cancer,,,,
-139.682236301145,-175.145094818872,0,cancer,,,,
-122.856815205236,-175.145094818872,0,cancer,,,,
-106.031394109328,-175.145094818872,0,cancer,,,,
-89.2059730134192,-175.145094818872,0,cancer,,,,
-72.3805519175108,-175.145094818872,0,cancer,,,,
-55.5551308216023,-175.145094818872,0,cancer,,,,
-38.7297097256939,-175.145094818872,0,cancer,,,,
-21.9042886297854,-175.145094818872,0,cancer,,,,
-5.07886753387699,-175.145094818872,0,cancer,,,,
11.7465535620314,-175.145094818872,0,cancer,,,,
28.5719746579399,-175.145094818872,0,cancer,,,,
45.3973957538483,-175.145094818872,0,cancer,,,,
62.2228168497568,-175.145094818872,0,cancer,,,,
79.0482379456652,-175.145094818872,0,cancer,,,,
95.8736590415736,-175.145094818872,0,cancer,,,,
112.699080137482,-175.145094818872,0,cancer,,,,
129.524501233391,-175.145094818872,0,cancer,,,,
146.349922329299,-175.145094818872,0,cancer,,,,
163.175343425207,-175.145094818872,0,cancer,,,,
180.000764521116,-175.145094818872,0,cancer,,,,
196.826185617024,-175.145094818872,0,cancer,,,,
213.651606712933,-175.145094818872,0,cancer,,,,
230.477027808841,-175.145094818872,0,cancer,,,,
247.302448904749,-175.145094818872,0,cancer,,,,
264.127870000658,-175.145094818872,0,cancer,,,,
280.953291096567,-175.145094818872,0,cancer,,,,
297.778712192475,-175.145094818872,0,cancer,,,,
-299.523736712275,-160.573852720445,0,cancer,,,,
-282.698315616366,-160.573852720445,0,cancer,,,,
-265.872894520458,-160.573852720445,0,cancer,,,,
-249.047473424549,-160.573852720445,0,cancer,,,,
-232.222052328641,-160.573852720445,0,cancer,,,,
-215.396631232732,-160.573852720445,0,cancer,,,,
-198.571210136824,-160.573852720445,0,cancer,,,,
-181.745789040916,-160.573852720445,0,cancer,,,,
-164.920367945007,-160.573852720445,0,cancer,,,,
-148.094946849099,-160.573852720445,0,cancer,,,,
-131.26952575319,-160.573852720445,0,cancer,,,,
-114.444104657282,-160.573852720445,0,cancer,,,,
-97.6186835613734,-160.573852720445,0,cancer,,,,
-80.793262465465,-160.573852720445,0,cancer,,,,
-63.9678413695565,-160.573852720445,0,cancer,,,,
-47.1424202736481,-160.573852720445,0,cancer,,,,
-30.3169991777397,-160.573852720445,0,cancer,,,,
-13.4915780818312,-160.573852720445,0,cancer,,,,
3.33384301407722,-160.573852720445,0,cancer,,,,
20.1592641099857,-160.573852720445,0,cancer,,,,
36.9846852058941,-160.573852720445,0,cancer,,,,
53.8101063018025,-160.573852720445,0,cancer,,,,
70.635527397711,-160.573852720445,0,cancer,,,,
87.4609484936194,-160.573852720445,0,cancer,,,,
104.286369589528,-160.573852720445,0,cancer,,,,
121.111790685436,-160.573852720445,0,cancer,,,,
137.937211781345,-160.573852720445,0,cancer,,,,
154.762632877253,-160.573852720445,0,cancer,,,,
171.588053973162,-160.573852720445,0,cancer,,,,
188.41347506907,-160.573852720445,0,cancer,,,,
205.238896164979,-160.573852720445,0,cancer,,,,
222.064317260887,-160.573852720445,0,cancer,,,,
238.889738356795,-160.573852720445,0,cancer,,,,
255.715159452704,-160.573852720445,0,cancer,,,,
272.540580548612,-160.573852720445,0,cancer,,,,
289.366001644521,-160.573852720445,0,cancer,,,,
306.191422740429,-160.573852720445,0,cancer,,,,
-307.936447260229,-146.002610622018,0,cancer,,,,
-291.11102616432,-146.002610622018,0,cancer,,,,
-274.285605068412,-146.002610622018,0,cancer,,,,
-257.460183972504,-146.002610622018,0,cancer,,,,
-240.634762876595,-146.002610622018,0,cancer,,,,
-223.809341780687,-146.002610622018,0,cancer,,,,
-206.983920684778,-146.002610622018,0,cancer,,,,
-190.15849958887,-146.002610622018,0,cancer,,,,
-173.333078492961,-146.002610622018,0,cancer,,,,
-156.507657397053,-146.002610622018,0,cancer,,,,
-139.682236301145,-146.002610622018,0,cancer,,,,
-122.856815205236,-146.002610622018,0,cancer,,,,
-106.031394109328,-146.002610622018,0,cancer,,,,
-89.2059730134192,-146.002610622018,0,cancer,,,,
-72.3805519175108,-146.002610622018,0,cancer,,,,
-55.5551308216023,-146.002610622018,0,cancer,,,,
-38.7297097256939,-146.002610622018,0,cancer,,,,
-21.9042886297854,-146.002610622018,0,cancer,,,,
-5.07886753387699,-146.002610622018,0,cancer,,,,
11.7465535620314,-146.002610622018,0,cancer,,,,
28.5719746579399,-146.002610622018,0,cancer,,,,
45.3973957538483,-146.002610622018,0,cancer,,,,
62.2228168497568,-146.002610622018,0,cancer,,,,
79.0482379456652,-146.002610622018,0,cancer,,,,
95.8736590415736,-146.002610622018,0,cancer,,,,
112.699080137482,-146.002610622018,0,cancer,,,,
129.524501233391,-146.002610622018,0,cancer,,,,
146.349922329299,-146.002610622018,0,cancer,,,,
163.175343425207,-146.002610622018,0,cancer,,,,
180.000764521116,-146.002610622018,0,cancer,,,,
196.826185617024,-146.002610622018,0,cancer,,,,
213.651606712933,-146.002610622018,0,cancer,,,,
230.477027808841,-146.002610622018,0,cancer,,,,
247.302448904749,-146.002610622018,0,cancer,,,,
264.127870000658,-146.002610622018,0,cancer,,,,
280.953291096567,-146.002610622018,0,cancer,,,,
297.778712192475,-146.002610622018,0,cancer,,,,
314.604133288383,-146.002610622018,0,cancer,,,,
-316.349157808183,-131.43136852359,0,cancer,,,,
-299.523736712275,-131.43136852359,0,cancer,,,,
-282.698315616366,-131.43136852359,0,cancer,,,,
-265.872894520458,-131.43136852359,0,cancer,,,,
-249.047473424549,-131.43136852359,0,cancer,,,,
-232.222052328641,-131.43136852359,0,cancer,,,,
-215.396631232732,-131.43136852359,0,cancer,,,,
-198.571210136824,-131.43136852359,0,cancer,,,,
-181.745789040916,-131.43136852359,0,cancer,,,,
-164.920367945007,-131.43136852359,0,cancer,,,,
-148.094946849099,-131.43136852359,0,cancer,,,,
-131.26952575319,-131.43136852359,0,cancer,,,,
-114.444104657282,-131.43136852359,0,cancer,,,,
-97.6186835613734,-131.43136852359,0,cancer,,,,
-80.793262465465,-131.43136852359,0,cancer,,,,
-63.9678413695565,-131.43136852359,0,cancer,,,,
-47.1424202736481,-131.43136852359,0,cancer,,,,
-30.3169991777397,-131.43136852359,0,cancer,,,,
-13.4915780818312,-131.43136852359,0,cancer,,,,
3.33384301407722,-131.43136852359,0,cancer,,,,
20.1592641099857,-131.43136852359,0,cancer,,,,
36.9846852058941,-131.43136852359,0,cancer,,,,
53.8101063018025,-131.43136852359,0,cancer,,,,
70.635527397711,-131.43136852359,0,cancer,,,,
87.4609484936194,-131.43136852359,0,cancer,,,,
104.286369589528,-131.43136852359,0,cancer,,,,
121.111790685436,-131.43136852359,0,cancer,,,,
137.937211781345,-131.43136852359,0,cancer,,,,
154.762632877253,-131.43136852359,0,cancer,,,,
171.588053973162,-131.43136852359,0,cancer,,,,
188.41347506907,-131.43136852359,0,cancer,,,,
205.238896164979,-131.43136852359,0,cancer,,,,
222.064317260887,-131.43136852359,0,cancer,,,,
238.889738356795,-131.43136852359,0,cancer,,,,
255.715159452704,-131.43136852359,0,cancer,,,,
272.540580548612,-131.43136852359,0,cancer,,,,
289.366001644521,-131.43136852359,0,cancer,,,,
306.191422740429,-131.43136852359,0,cancer,,,,
323.016843836338,-131.43136852359,0,cancer,,,,
-324.761868356137,-116.860126425163,0,cancer,,,,
-307.936447260229,-116.860126425163,0,cancer,,,,
-291.11102616432,-116.860126425163,0,cancer,,,,
-274.285605068412,-116.860126425163,0,cancer,,,,
-257.460183972504,-116.860126425163,0,cancer,,,,
-240.634762876595,-116.860126425163,0,cancer,,,,
-223.809341780687,-116.860126425163,0,cancer,,,,
-206.983920684778,-116.860126425163,0,cancer,,,,
-190.15849958887,-116.860126425163,0,cancer,,,,
-173.333078492961,-116.860126425163,0,cancer,,,,
-156.507657397053,-116.860126425163,0,cancer,,,,
-139.682236301145,-116.860126425163,0,cancer,,,,
-122.856815205236,-116.860126425163,0,cancer,,,,
-106.031394109328,-116.860126425163,0,cancer,,,,
-89.2059730134192,-116.860126425163,0,cancer,,,,
-72.3805519175108,-116.860126425163,0,cancer,,,,
-55.5551308216023,-116.860126425163,0,cancer,,,,
-38.7297097256939,-116.860126425163,0,cancer,,,,
-21.9042886297854,-116.860126425163,0,cancer,,,,
-5.07886753387699,-116.860126425163,0,cancer,,,,
11.7465535620314,-116.860126425163,0,cancer,,,,
28.5719746579399,-116.860126425163,0,cancer,,,,
45.3973957538483,-116.860126425163,0,cancer,,,,
62.2228168497568,-116.860126425163,0,cancer,,,,
79.0482379456652,-116.860126425163,0,cancer,,,,
95.8736590415736,-116.860126425163,0,cancer,,,,
112.699080137482,-116.860126425163,0,cancer,,,,
129.524501233391,-116.860126425163,0,cancer,,,,
146.349922329299,-116.860126425163,0,cancer,,,,
163.175343425207,-116.860126425163,0,cancer,,,,
180.000764521116,-116.860126425163,0,cancer,,,,
196.826185617024,-116.860126425163,0,cancer,,,,
213.651606712933,-116.860126425163,0,cancer,,,,
230.477027808841,-116.860126425163,0,cancer,,,,
247.302448904749,-116.860126425163,0,cancer,,,,
264.127870000658,-116.860126425163,0,cancer,,,,
280.953291096567,-116.860126425163,0,cancer,,,,
297.778712192475,-116.860126425163,0,cancer,,,,
314.604133288383,-116.860126425163,0,cancer,,,,
-333.174578904092,-102.288884326736,0,cancer,,,,
-316.349157808183,-102.288884326736,0,cancer,,,,
-299.523736712275,-102.288884326736,0,cancer,,,,
-282.698315616366,-102.288884326736,0,cancer,,,,
-265.872894520458,-102.288884326736,0,cancer,,,,
-249.047473424549,-102.288884326736,0,cancer,,,,
-232.222052328641,-102.288884326736,0,cancer,,,,
-215.396631232732,-102.288884326736,0,cancer,,,,
-198.571210136824,-102.288884326736,0,cancer,,,,
-181.745789040916,-102.288884326736,0,cancer,,,,
-164.920367945007,-102.288884326736,0,cancer,,,,
-148.094946849099,-102.288884326736,0,cancer,,,,
-131.26952575319,-102.288884326736,0,cancer,,,,
-114.444104657282,-102.288884326736,0,cancer,,,,
-97.6186835613734,-102.288884326736,0,cancer,,,,
-80.793262465465,-102.288884326736,0,cancer,,,,
-63.9678413695565,-102.288884326736,0,cancer,,,,
-47.1424202736481,-102.288884326736,0,cancer,,,,
-30.3169991777397,-102.288884326736,0,cancer,,,,
-13.4915780818312,-102.288884326736,0,cancer,,,,
3.33384301407722,-102.288884326736,0,cancer,,,,
20.1592641099857,-102.288884326736,0,cancer,,,,
36.9846852058941,-102.288884326736,0,cancer,,,,
53.8101063018025,-102.288884326736,0,cancer,,,,
70.635527397711,-102.288884326736,0,cancer,,,,
87.4609484936194,-102.288884326736,0,cancer,,,,
104.286369589528,-102.288884326736,0,cancer,,,,
121.111790685436,-102.288884326736,0,cancer,,,,
137.937211781345,-102.288884326736,0,cancer,,,,
154.762632877253,-102.288884326736,0,cancer,,,,
171.588053973162,-102.288884326736,0,cancer,,,,
188.41347506907,-102.288884326736,0,cancer,,,,
205.238896164979,-102.288884326736,0,cancer,,,,
222.064317260887,-102.288884326736,0,cancer,,,,
238.889738356795,-102.288884326736,0,cancer,,,,
255.715159452704,-102.288884326736,0,cancer,,,,
272.540580548612,-102.288884326736,0,cancer,,,,
289.366001644521,-102.288884326736,0,cancer,,,,
306.191422740429,-102.288884326736,0,cancer,,,,
323.016843836338,-102.288884326736,0,cancer,,,,
-324.761868356137,-87.7176422283083,0,cancer,,,,
-307.936447260229,-87.7176422283083,0,cancer,,,,
-291.11102616432,-87.7176422283083,0,cancer,,,,
-274.285605068412,-87.7176422283083,0,cancer,,,,
-257.460183972504,-87.7176422283083,0,cancer,,,,
-240.634762876595,-87.7176422283083,0,cancer,,,,
-223.809341780687,-87.7176422283083,0,cancer,,,,
-206.983920684778,-87.7176422283083,0,cancer,,,,
-190.15849958887,-87.7176422283083,0,cancer,,,,
-173.333078492961,-87.7176422283083,0,cancer,,,,
-156.507657397053,-87.7176422283083,0,cancer,,,,
-139.682236301145,-87.7176422283083,0,cancer,,,,
-122.856815205236,-87.7176422283083,0,cancer,,,,
-106.031394109328,-87.7176422283083,0,cancer,,,,
-89.2059730134192,-87.7176422283083,0,cancer,,,,
-72.3805519175108,-87.7176422283083,0,cancer,,,,
-55.5551308216023,-87.7176422283083,0,cancer,,,,
-38.7297097256939,-87.7176422283083,0,cancer,,,,
-21.9042886297854,-87.7176422283083,0,cancer,,,,
-5.07886753387699,-87.7176422283083,0,cancer,,,,
11.7465535620314,-87.7176422283083,0,cancer,,,,
28.5719746579399,-87.7176422283083,0,cancer,,,,
45.3973957538483,-87.7176422283083,0,cancer,,,,
62.2228168497568,-87.7176422283083,0,cancer,,,,
79.0482379456652,-87.7176422283083,0,cancer,,,,
95.8736590415736,-87.7176422283083,0,cancer,,,,
112.699080137482,-87.7176422283083,0,cancer,,,,
129.524501233391,-87.7176422283083,0,cancer,,,,
146.349922329299,-87.7176422283083,0,cancer,,,,
163.175343425207,-87.7176422283083,0,cancer,,,,
180.000764521116,-87.7176422283083,0,cancer,,,,
196.826185617024,-87.7176422283083,0,cancer,,,,
213.651606712933,-87.7176422283083,0,cancer,,,,
230.477027808841,-87.7176422283083,0,cancer,,,,
247.302448904749,-87.7176422283083,0,cancer,,,,
264.127870000658,-87.7176422283083,0,cancer,,,,
280.953291096567,-87.7176422283083,0,cancer,,,,
297.778712192475,-87.7176422283083,0,cancer,,,,
314.604133288383,-87.7176422283083,0,cancer,,,,
331.429554384292,-87.7176422283083,0,cancer,,,,
-333.174578904092,-73.1464001298809,0,cancer,,,,
-316.349157808183,-73.1464001298809,0,cancer,,,,
-299.523736712275,-73.1464001298809,0,cancer,,,,
-282.698315616366,-73.1464001298809,0,cancer,,,,
-265.872894520458,-73.1464001298809,0,cancer,,,,
-249.047473424549,-73.1464001298809,0,cancer,,,,
-232.222052328641,-73.1464001298809,0,cancer,,,,
-215.396631232732,-73.1464001298809,0,cancer,,,,
-198.571210136824,-73.1464001298809,0,cancer,,,,
-181.745789040916,-73.1464001298809,0,cancer,,,,
-164.920367945007,-73.1464001298809,0,cancer,,,,
-148.094946849099,-73.1464001298809,0,cancer,,,,
-131.26952575319,-73.1464001298809,0,cancer,,,,
-114.444104657282,-73.1464001298809,0,cancer,,,,
-97.6186835613734,-73.1464001298809,0,cancer,,,,
-80.793262465465,-73.1464001298809,0,cancer,,,,
-63.9678413695565,-73.1464001298809,0,cancer,,,,
-47.1424202736481,-73.1464001298809,0,cancer,,,,
-30.3169991777397,-73.1464001298809,0,cancer,,,,
-13.4915780818312,-73.1464001298809,0,cancer,,,,
3.33384301407722,-73.1464001298809,0,cancer,,,,
20.1592641099857,-73.1464001298809,0,cancer,,,,
36.9846852058941,-73.1464001298809,0,cancer,,,,
53.8101063018025,-73.1464001298809,0,cancer,,,,
70.635527397711,-73.1464001298809,0,cancer,,,,
87.4609484936194,-73.1464001298809,0,cancer,,,,
104.286369589528,-73.1464001298809,0,cancer,,,,
121.111790685436,-73.1464001298809,0,cancer,,,,
137.937211781345,-73.1464001298809,0,cancer,,,,
154.762632877253,-73.1464001298809,0,cancer,,,,
171.588053973162,-73.1464001298809,0,cancer,,,,
188.41347506907,-73.1464001298809,0,cancer,,,,
205.238896164979,-73.1464001298809,0,cancer,,,,
222.064317260887,-73.1464001298809,0,cancer,,,,
238.889738356795,-73.1464001298809,0,cancer,,,,
255.715159452704,-73.1464001298809,0,cancer,,,,
272.540580548612,-73.1464001298809,0,cancer,,,,
289.366001644521,-73.1464001298809,0,cancer,,,,
306.191422740429,-73.1464001298809,0,cancer,,,,
323.016843836338,-73.1464001298809,0,cancer,,,,
339.842264932246,-73.1464001298809,0,cancer,,,,
-341.587289452046,-58.5751580314536,0,cancer,,,,
-324.761868356137,-58.5751580314536,0,cancer,,,,
-307.936447260229,-58.5751580314536,0,cancer,,,,
-291.11102616432,-58.5751580314536,0,cancer,,,,
-274.285605068412,-58.5751580314536,0,cancer,,,,
-257.460183972504,-58.5751580314536,0,cancer,,,,
-240.634762876595,-58.5751580314536,0,cancer,,,,
-223.809341780687,-58.5751580314536,0,cancer,,,,
-206.983920684778,-58.5751580314536,0,cancer,,,,
-190.15849958887,-58.5751580314536,0,cancer,,,,
-173.333078492961,-58.5751580314536,0,cancer,,,,
-156.507657397053,-58.5751580314536,0,cancer,,,,
-139.682236301145,-58.5751580314536,0,cancer,,,,
-122.856815205236,-58.5751580314536,0,cancer,,,,
-106.031394109328,-58.5751580314536,0,cancer,,,,
-89.2059730134192,-58.5751580314536,0,cancer,,,,
-72.3805519175108,-58.5751580314536,0,cancer,,,,
-55.5551308216023,-58.5751580314536,0,cancer,,,,
-38.7297097256939,-58.5751580314536,0,cancer,,,,
-21.9042886297854,-58.5751580314536,0,cancer,,,,
-5.07886753387699,-58.5751580314536,0,cancer,,,,
11.7465535620314,-58.5751580314536,0,cancer,,,,
28.5719746579399,-58.5751580314536,0,cancer,,,,
45.3973957538483,-58.5751580314536,0,cancer,,,,
62.2228168497568,-58.5751580314536,0,cancer,,,,
79.0482379456652,-58.5751580314536,0,cancer,,,,
95.8736590415736,-58.5751580314536,0,cancer,,,,
112.699080137482,-58.5751580314536,0,cancer,,,,
129.524501233391,-58.5751580314536,0,cancer,,,,
146.349922329299,-58.5751580314536,0,cancer,,,,
163.175343425207,-58.5751580314536,0,cancer,,,,
180.000764521116,-58.5751580314536,0,cancer,,,,
196.826185617024,-58.5751580314536,0,cancer,,,,
213.651606712933,-58.5751580314536,0,cancer,,,,
230.477027808841,-58.5751580314536,0,cancer,,,,
247.302448904749,-58.5751580314536,0,cancer,,,,
264.127870000658,-58.5751580314536,0,cancer,,,,
280.953291096567,-58.5751580314536,0,cancer,,,,
297.778712192475,-58.5751580314536,0,cancer,,,,
314.604133288383,-58.5751580314536,0,cancer,,,,
331.429554384292,-58.5751580314536,0,cancer,,,,
-333.174578904092,-44.0039159330263,0,cancer,,,,
-316.349157808183,-44.0039159330263,0,cancer,,,,
-299.523736712275,-44.0039159330263,0,cancer,,,,
-282.698315616366,-44.0039159330263,0,cancer,,,,
-265.872894520458,-44.0039159330263,0,cancer,,,,
-249.047473424549,-44.0039159330263,0,cancer,,,,
-232.222052328641,-44.0039159330263,0,cancer,,,,
-215.396631232732,-44.0039159330263,0,cancer,,,,
-198.571210136824,-44.0039159330263,0,cancer,,,,
-181.745789040916,-44.0039159330263,0,cancer,,,,
-164.920367945007,-44.0039159330263,0,cancer,,,,
-148.094946849099,-44.0039159330263,0,cancer,,,,
-131.26952575319,-44.0039159330263,0,cancer,,,,
-114.444104657282,-44.0039159330263,0,cancer,,,,
-97.6186835613734,-44.0039159330263,0,cancer,,,,
-80.793262465465,-44.0039159330263,0,cancer,,,,
-63.9678413695565,-44.0039159330263,0,cancer,,,,
-47.1424202736481,-44.0039159330263,0,cancer,,,,
-30.3169991777397,-44.0039159330263,0,cancer,,,,
-13.4915780818312,-44.0039159330263,0,cancer,,,,
3.33384301407722,-44.0039159330263,0,cancer,,,,
20.1592641099857,-44.0039159330263,0,cancer,,,,
36.9846852058941,-44.0039159330263,0,cancer,,,,
53.8101063018025,-44.0039159330263,0,cancer,,,,
70.635527397711,-44.0039159330263,0,cancer,,,,
87.4609484936194,-44.0039159330263,0,cancer,,,,
104.286369589528,-44.0039159330263,0,cancer,,,,
121.111790685436,-44.0039159330263,0,cancer,,,,
137.937211781345,-44.0039159330263,0,cancer,,,,
154.762632877253,-44.0039159330263,0,cancer,,,,
171.588053973162,-44.0039159330263,0,cancer,,,,
188.41347506907,-44.0039159330263,0,cancer,,,,
205.238896164979,-44.0039159330263,0,cancer,,,,
222.064317260887,-44.0039159330263,0,cancer,,,,
238.889738356795,-44.0039159330263,0,cancer,,,,
255.715159452704,-44.0039159330263,0,cancer,,,,
272.540580548612,-44.0039159330263,0,cancer,,,,
289.366001644521,-44.0039159330263,0,cancer,,,,
306.191422740429,-44.0039159330263,0,cancer,,,,
323.016843836338,-44.0039159330263,0,cancer,,,,
339.842264932246,-44.0039159330263,0,cancer,,,,
-341.587289452046,-29.432673834599,0,cancer,,,,
-324.761868356137,-29.432673834599,0,cancer,,,,
-307.936447260229,-29.432673834599,0,cancer,,,,
-291.11102616432,-29.432673834599,0,cancer,,,,
-274.285605068412,-29.432673834599,0,cancer,,,,
-257.460183972504,-29.432673834599,0,cancer,,,,
-240.634762876595,-29.432673834599,0,cancer,,,,
-223.809341780687,-29.432673834599,0,cancer,,,,
-206.983920684778,-29.432673834599,0,cancer,,,,
-190.15849958887,-29.432673834599,0,cancer,,,,
-173.333078492961,-29.432673834599,0,cancer,,,,
-156.507657397053,-29.432673834599,0,cancer,,,,
-139.682236301145,-29.432673834599,0,cancer,,,,
-122.856815205236,-29.432673834599,0,cancer,,,,
-106.031394109328,-29.432673834599,0,cancer,,,,
-89.2059730134192,-29.432673834599,0,cancer,,,,
-72.3805519175108,-29.432673834599,0,cancer,,,,
-55.5551308216023,-29.432673834599,0,cancer,,,,
-38.7297097256939,-29.432673834599,0,cancer,,,,
-21.9042886297854,-29.432673834599,0,cancer,,,,
-5.07886753387699,-29.432673834599,0,cancer,,,,
11.7465535620314,-29.432673834599,0,cancer,,,,
28.5719746579399,-29.432673834599,0,cancer,,,,
45.3973957538483,-29.432673834599,0,cancer,,,,
62.2228168497568,-29.432673834599,0,cancer,,,,
79.0482379456652,-29.432673834599,0,cancer,,,,
95.8736590415736,-29.432673834599,0,cancer,,,,
112.699080137482,-29.432673834599,0,cancer,,,,
129.524501233391,-29.432673834599,0,cancer,,,,
146.349922329299,-29.432673834599,0,cancer,,,,
163.175343425207,-29.432673834599,0,cancer,,,,
180.000764521116,-29.432673834599,0,cancer,,,,
196.826185617024,-29.432673834599,0,cancer,,,,
213.651606712933,-29.432673834599,0,cancer,,,,
230.477027808841,-29.432673834599,0,cancer,,,,
247.302448904749,-29.432673834599,0,cancer,,,,
264.127870000658,-29.432673834599,0,cancer,,,,
280.953291096567,-29.432673834599,0,cancer,,,,
297.778712192475,-29.432673834599,0,cancer,,,,
314.604133288383,-29.432673834599,0,cancer,,,,
331.429554384292,-29.432673834599,0,cancer,,,,
348.2549754802,-29.432673834599,0,cancer,,,,
-333.174578904092,-14.8614317361717,0,cancer,,,,
-316.349157808183,-14.8614317361717,0,cancer,,,,
-299.523736712275,-14.8614317361717,0,cancer,,,,
-282.698315616366,-14.8614317361717,0,cancer,,,,
-265.872894520458,-14.8614317361717,0,cancer,,,,
-249.047473424549,-14.8614317361717,0,cancer,,,,
-232.222052328641,-14.8614317361717,0,cancer,,,,
-215.396631232732,-14.8614317361717,0,cancer,,,,
-198.571210136824,-14.8614317361717,0,cancer,,,,
-181.745789040916,-14.8614317361717,0,cancer,,,,
-164.920367945007,-14.8614317361717,0,cancer,,,,
-148.094946849099,-14.8614317361717,0,cancer,,,,
-131.26952575319,-14.8614317361717,0,cancer,,,,
-114.444104657282,-14.8614317361717,0,cancer,,,,
-97.6186835613734,-14.8614317361717,0,cancer,,,,
-80.793262465465,-14.8614317361717,0,cancer,,,,
-63.9678413695565,-14.8614317361717,0,cancer,,,,
-47.1424202736481,-14.8614317361717,0,cancer,,,,
-30.3169991777397,-14.8614317361717,0,cancer,,,,
-13.4915780818312,-14.8614317361717,0,cancer,,,,
3.33384301407722,-14.8614317361717,0,cancer,,,,
20.1592641099857,-14.8614317361717,0,cancer,,,,
36.9846852058941,-14.8614317361717,0,cancer,,,,
53.8101063018025,-14.8614317361717,0,cancer,,,,
70.635527397711,-14.8614317361717,0,cancer,,,,
87.4609484936194,-14.8614317361717,0,cancer,,,,
104.286369589528,-14.8614317361717,0,cancer,,,,
121.111790685436,-14.8614317361717,0,cancer,,,,
137.937211781345,-14.8614317361717,0,cancer,,,,
154.762632877253,-14.8614317361717,0,cancer,,,,
171.588053973162,-14.8614317361717,0,cancer,,,,
188.41347506907,-14.8614317361717,0,cancer,,,,
205.238896164979,-14.8614317361717,0,cancer,,,,
222.064317260887,-14.8614317361717,0,cancer,,,,
238.889738356795,-14.8614317361717,0,cancer,,,,
255.715159452704,-14.8614317361717,0,cancer,,,,
272.540580548612,-14.8614317361717,0,cancer,,,,
289.366001644521,-14.8614317361717,0,cancer,,,,
306.191422740429,-14.8614317361717,0,cancer,,,,
323.016843836338,-14.8614317361717,0,cancer,,,,
339.842264932246,-14.8614317361717,0,cancer,,,,
-341.587289452046,-0.290189637744334,0,cancer,,,,
-324.761868356137,-0.290189637744334,0,cancer,,,,
-307.936447260229,-0.290189637744334,0,cancer,,,,
-291.11102616432,-0.290189637744334,0,cancer,,,,
-274.285605068412,-0.290189637744334,0,cancer,,,,
-257.460183972504,-0.290189637744334,0,cancer,,,,
-240.634762876595,-0.290189637744334,0,cancer,,,,
-223.809341780687,-0.290189637744334,0,cancer,,,,
-206.983920684778,-0.290189637744334,0,cancer,,,,
-190.15849958887,-0.290189637744334,0,cancer,,,,
-173.333078492961,-0.290189637744334,0,cancer,,,,
-156.507657397053,-0.290189637744334,0,cancer,,,,
-139.682236301145,-0.290189637744334,0,cancer,,,,
-122.856815205236,-0.290189637744334,0,cancer,,,,
-106.031394109328,-0.290189637744334,0,cancer,,,,
-89.2059730134192,-0.290189637744334,0,cancer,,,,
-72.3805519175108,-0.290189637744334,0,cancer,,,,
-55.5551308216023,-0.290189637744334,0,cancer,,,,
-38.7297097256939,-0.290189637744334,0,cancer,,,,
-21.9042886297854,-0.290189637744334,0,cancer,,,,
-5.07886753387699,-0.290189637744334,0,cancer,,,,
11.7465535620314,-0.290189637744334,0,cancer,,,,
28.5719746579399,-0.290189637744334,0,cancer,,,,
45.3973957538483,-0.290189637744334,0,cancer,,,,
62.2228168497568,-0.290189637744334,0,cancer,,,,
79.0482379456652,-0.290189637744334,0,cancer,,,,
95.8736590415736,-0.290189637744334,0,cancer,,,,
112.699080137482,-0.290189637744334,0,cancer,,,,
129.524501233391,-0.290189637744334,0,cancer,,,,
146.349922329299,-0.290189637744334,0,cancer,,,,
163.175343425207,-0.290189637744334,0,cancer,,,,
180.000764521116,-0.290189637744334,0,cancer,,,,
196.826185617024,-0.290189637744334,0,cancer,,,,
213.651606712933,-0.290189637744334,0,cancer,,,,
230.477027808841,-0.290189637744334,0,cancer,,,,
247.302448904749,-0.290189637744334,0,cancer,,,,
264.127870000658,-0.290189637744334,0,cancer,,,,
280.953291096567,-0.290189637744334,0,cancer,,,,
297.778712192475,-0.290189637744334,0,cancer,,,,
314.604133288383,-0.290189637744334,0,cancer,,,,
331.429554384292,-0.290189637744334,0,cancer,,,,
348.2549754802,-0.290189637744334,0,cancer,,,,
-333.174578904092,14.281052460683,0,cancer,,,,
-316.349157808183,14.281052460683,0,cancer,,,,
-299.523736712275,14.281052460683,0,cancer,,,,
-282.698315616366,14.281052460683,0,cancer,,,,
-265.872894520458,14.281052460683,0,cancer,,,,
-249.047473424549,14.281052460683,0,cancer,,,,
-232.222052328641,14.281052460683,0,cancer,,,,
-215.396631232732,14.281052460683,0,cancer,,,,
-198.571210136824,14.281052460683,0,cancer,,,,
-181.745789040916,14.281052460683,0,cancer,,,,
-164.920367945007,14.281052460683,0,cancer,,,,
-148.094946849099,14.281052460683,0,cancer,,,,
-131.26952575319,14.281052460683,0,cancer,,,,
-114.444104657282,14.281052460683,0,cancer,,,,
-97.6186835613734,14.281052460683,0,cancer,,,,
-80.793262465465,14.281052460683,0,cancer,,,,
-63.9678413695565,14.281052460683,0,cancer,,,,
-47.1424202736481,14.281052460683,0,cancer,,,,
-30.3169991777397,14.281052460683,0,cancer,,,,
-13.4915780818312,14.281052460683,0,cancer,,,,
3.33384301407722,14.281052460683,0,cancer,,,,
20.1592641099857,14.281052460683,0,cancer,,,,
36.9846852058941,14.281052460683,0,cancer,,,,
53.8101063018025,14.281052460683,0,cancer,,,,
70.635527397711,14.281052460683,0,cancer,,,,
87.4609484936194,14.281052460683,0,cancer,,,,
104.286369589528,14.281052460683,0,cancer,,,,
121.111790685436,14.281052460683,0,cancer,,,,
137.937211781345,14.281052460683,0,cancer,,,,
154.762632877253,14.281052460683,0,cancer,,,,
171.588053973162,14.281052460683,0,cancer,,,,
188.41347506907,14.281052460683,0,cancer,,,,
205.238896164979,14.281052460683,0,cancer,,,,
222.064317260887,14.281052460683,0,cancer,,,,
238.889738356795,14.281052460683,0,cancer,,,,
255.715159452704,14.281052460683,0,cancer,,,,
272.540580548612,14.281052460683,0,cancer,,,,
289.366001644521,14.281052460683,0,cancer,,,,
306.191422740429,14.281052460683,0,cancer,,,,
323.016843836338,14.281052460683,0,cancer,,,,
339.842264932246,14.281052460683,0,cancer,,,,
-341.587289452046,28.8522945591103,0,cancer,,,,
-324.761868356137,28.8522945591103,0,cancer,,,,
-307.936447260229,28.8522945591103,0,cancer,,,,
-291.11102616432,28.8522945591103,0,cancer,,,,
-274.285605068412,28.8522945591103,0,cancer,,,,
-257.460183972504,28.8522945591103,0,cancer,,,,
-240.634762876595,28.8522945591103,0,cancer,,,,
-223.809341780687,28.8522945591103,0,cancer,,,,
-206.983920684778,28.8522945591103,0,cancer,,,,
-190.15849958887,28.8522945591103,0,cancer,,,,
-173.333078492961,28.8522945591103,0,cancer,,,,
-156.507657397053,28.8522945591103,0,cancer,,,,
-139.682236301145,28.8522945591103,0,cancer,,,,
-122.856815205236,28.8522945591103,0,cancer,,,,
-106.031394109328,28.8522945591103,0,cancer,,,,
-89.2059730134192,28.8522945591103,0,cancer,,,,
-72.3805519175108,28.8522945591103,0,cancer,,,,
-55.5551308216023,28.8522945591103,0,cancer,,,,
-38.7297097256939,28.8522945591103,0,cancer,,,,
-21.9042886297854,28.8522945591103,0,cancer,,,,
-5.07886753387699,28.8522945591103,0,cancer,,,,
11.7465535620314,28.8522945591103,0,cancer,,,,
28.5719746579399,28.8522945591103,0,cancer,,,,
45.3973957538483,28.8522945591103,0,cancer,,,,
62.2228168497568,28.8522945591103,0,cancer,,,,
79.0482379456652,28.8522945591103,0,cancer,,,,
95.8736590415736,28.8522945591103,0,cancer,,,,
112.699080137482,28.8522945591103,0,cancer,,,,
129.524501233391,28.8522945591103,0,cancer,,,,
146.349922329299,28.8522945591103,0,cancer,,,,
163.175343425207,28.8522945591103,0,cancer,,,,
180.000764521116,28.8522945591103,0,cancer,,,,
196.826185617024,28.8522945591103,0,cancer,,,,
213.651606712933,28.8522945591103,0,cancer,,,,
230.477027808841,28.8522945591103,0,cancer,,,,
247.302448904749,28.8522945591103,0,cancer,,,,
264.127870000658,28.8522945591103,0,cancer,,,,
280.953291096567,28.8522945591103,0,cancer,,,,
297.778712192475,28.8522945591103,0,cancer,,,,
314.604133288383,28.8522945591103,0,cancer,,,,
331.429554384292,28.8522945591103,0,cancer,,,,
348.2549754802,28.8522945591103,0,cancer,,,,
-333.174578904092,43.4235366575376,0,cancer,,,,
-316.349157808183,43.4235366575376,0,cancer,,,,
-299.523736712275,43.4235366575376,0,cancer,,,,
-282.698315616366,43.4235366575376,0,cancer,,,,
-265.872894520458,43.4235366575376,0,cancer,,,,
-249.047473424549,43.4235366575376,0,cancer,,,,
-232.222052328641,43.4235366575376,0,cancer,,,,
-215.396631232732,43.4235366575376,0,cancer,,,,
-198.571210136824,43.4235366575376,0,cancer,,,,
-181.745789040916,43.4235366575376,0,cancer,,,,
-164.920367945007,43.4235366575376,0,cancer,,,,
-148.094946849099,43.4235366575376,0,cancer,,,,
-131.26952575319,43.4235366575376,0,cancer,,,,
-114.444104657282,43.4235366575376,0,cancer,,,,
-97.6186835613734,43.4235366575376,0,cancer,,,,
-80.793262465465,43.4235366575376,0,cancer,,,,
-63.9678413695565,43.4235366575376,0,cancer,,,,
-47.1424202736481,43.4235366575376,0,cancer,,,,
-30.3169991777397,43.4235366575376,0,cancer,,,,
-13.4915780818312,43.4235366575376,0,cancer,,,,
3.33384301407722,43.4235366575376,0,cancer,,,,
20.1592641099857,43.4235366575376,0,cancer,,,,
36.9846852058941,43.4235366575376,0,cancer,,,,
53.8101063018025,43.4235366575376,0,cancer,,,,
70.635527397711,43.4235366575376,0,cancer,,,,
87.4609484936194,43.4235366575376,0,cancer,,,,
104.286369589528,43.4235366575376,0,cancer,,,,
121.111790685436,43.4235366575376,0,cancer,,,,
137.937211781345,43.4235366575376,0,cancer,,,,
154.762632877253,43.4235366575376,0,cancer,,,,
171.588053973162,43.4235366575376,0,cancer,,,,
188.41347506907,43.4235366575376,0,cancer,,,,
205.238896164979,43.4235366575376,0,cancer,,,,
222.064317260887,43.4235366575376,0,cancer,,,,
238.889738356795,43.4235366575376,0,cancer,,,,
255.715159452704,43.4235366575376,0,cancer,,,,
272.540580548612,43.4235366575376,0,cancer,,,,
289.366001644521,43.4235366575376,0,cancer,,,,
306.191422740429,43.4235366575376,0,cancer,,,,
323.016843836338,43.4235366575376,0,cancer,,,,
339.842264932246,43.4235366575376,0,cancer,,,,
-341.587289452046,57.9947787559649,0,cancer,,,,
-324.761868356137,57.9947787559649,0,cancer,,,,
-307.936447260229,57.9947787559649,0,cancer,,,,
-291.11102616432,57.9947787559649,0,cancer,,,,
-274.285605068412,57.9947787559649,0,cancer,,,,
-257.460183972504,57.9947787559649,0,cancer,,,,
-240.634762876595,57.9947787559649,0,cancer,,,,
-223.809341780687,57.9947787559649,0,cancer,,,,
-206.983920684778,57.9947787559649,0,cancer,,,,
-190.15849958887,57.9947787559649,0,cancer,,,,
-173.333078492961,57.9947787559649,0,cancer,,,,
-156.507657397053,57.9947787559649,0,cancer,,,,
-139.682236301145,57.9947787559649,0,cancer,,,,
-122.856815205236,57.9947787559649,0,cancer,,,,
-106.031394109328,57.9947787559649,0,cancer,,,,
-89.2059730134192,57.9947787559649,0,cancer,,,,
-72.3805519175108,57.9947787559649,0,cancer,,,,
-55.5551308216023,57.9947787559649,0,cancer,,,,
-38.7297097256939,57.9947787559649,0,cancer,,,,
-21.9042886297854,57.9947787559649,0,cancer,,,,
-5.07886753387699,57.9947787559649,0,cancer,,,,
11.7465535620314,57.9947787559649,0,cancer,,,,
28.5719746579399,57.9947787559649,0,cancer,,,,
45.3973957538483,57.9947787559649,0,cancer,,,,
62.2228168497568,57.9947787559649,0,cancer,,,,
79.0482379456652,57.9947787559649,0,cancer,,,,
95.8736590415736,57.9947787559649,0,cancer,,,,
112.699080137482,57.9947787559649,0,cancer,,,,
129.524501233391,57.9947787559649,0,cancer,,,,
146.349922329299,57.9947787559649,0,cancer,,,,
163.175343425207,57.9947787559649,0,cancer,,,,
180.000764521116,57.9947787559649,0,cancer,,,,
196.826185617024,57.9947787559649,0,cancer,,,,
213.651606712933,57.9947787559649,0,cancer,,,,
230.477027808841,57.9947787559649,0,cancer,,,,
247.302448904749,57.9947787559649,0,cancer,,,,
264.127870000658,57.9947787559649,0,cancer,,,,
280.953291096567,57.9947787559649,0,cancer,,,,
297.778712192475,57.9947787559649,0,cancer,,,,
314.604133288383,57.9947787559649,0,cancer,,,,
331.429554384292,57.9947787559649,0,cancer,,,,
-333.174578904092,72.5660208543923,0,cancer,,,,
-316.349157808183,72.5660208543923,0,cancer,,,,
-299.523736712275,72.5660208543923,0,cancer,,,,
-282.698315616366,72.5660208543923,0,cancer,,,,
-265.872894520458,72.5660208543923,0,cancer,,,,
-249.047473424549,72.5660208543923,0,cancer,,,,
-232.222052328641,72.5660208543923,0,cancer,,,,
-215.396631232732,72.5660208543923,0,cancer,,,,
-198.571210136824,72.5660208543923,0,cancer,,,,
-181.745789040916,72.5660208543923,0,cancer,,,,
-164.920367945007,72.5660208543923,0,cancer,,,,
-148.094946849099,72.5660208543923,0,cancer,,,,
-131.26952575319,72.5660208543923,0,cancer,,,,
-114.444104657282,72.5660208543923,0,cancer,,,,
-97.6186835613734,72.5660208543923,0,cancer,,,,
-80.793262465465,72.5660208543923,0,cancer,,,,
-63.9678413695565,72.5660208543923,0,cancer,,,,
-47.1424202736481,72.5660208543923,0,cancer,,,,
-30.3169991777397,72.5660208543923,0,cancer,,,,
-13.4915780818312,72.5660208543923,0,cancer,,,,
3.33384301407722,72.5660208543923,0,cancer,,,,
20.1592641099857,72.5660208543923,0,cancer,,,,
36.9846852058941,72.5660208543923,0,cancer,,,,
53.8101063018025,72.5660208543923,0,cancer,,,,
70.635527397711,72.5660208543923,0,cancer,,,,
87.4609484936194,72.5660208543923,0,cancer,,,,
104.286369589528,72.5660208543923,0,cancer,,,,
121.111790685436,72.5660208543923,0,cancer,,,,
137.937211781345,72.5660208543923,0,cancer,,,,
154.762632877253,72.5660208543923,0,cancer,,,,
171.588053973162,72.5660208543923,0,cancer,,,,
188.41347506907,72.5660208543923,0,cancer,,,,
205.238896164979,72.5660208543923,0,cancer,,,,
222.064317260887,72.5660208543923,0,cancer,,,,
238.889738356795,72.5660208543923,0,cancer,,,,
255.715159452704,72.5660208543923,0,cancer,,,,
272.540580548612,72.5660208543923,0,cancer,,,,
289.366001644521,72.5660208543923,0,cancer,,,,
306.191422740429,72.5660208543923,0,cancer,,,,
323.016843836338,72.5660208543923,0,cancer,,,,
339.842264932246,72.5660208543923,0,cancer,,,,
-324.761868356137,87.1372629528196,0,cancer,,,,
-307.936447260229,87.1372629528196,0,cancer,,,,
-291.11102616432,87.1372629528196,0,cancer,,,,
-274.285605068412,87.1372629528196,0,cancer,,,,
-257.460183972504,87.1372629528196,0,cancer,,,,
-240.634762876595,87.1372629528196,0,cancer,,,,
-223.809341780687,87.1372629528196,0,cancer,,,,
-206.983920684778,87.1372629528196,0,cancer,,,,
-190.15849958887,87.1372629528196,0,cancer,,,,
-173.333078492961,87.1372629528196,0,cancer,,,,
-156.507657397053,87.1372629528196,0,cancer,,,,
-139.682236301145,87.1372629528196,0,cancer,,,,
-122.856815205236,87.1372629528196,0,cancer,,,,
-106.031394109328,87.1372629528196,0,cancer,,,,
-89.2059730134192,87.1372629528196,0,cancer,,,,
-72.3805519175108,87.1372629528196,0,cancer,,,,
-55.5551308216023,87.1372629528196,0,cancer,,,,
-38.7297097256939,87.1372629528196,0,cancer,,,,
-21.9042886297854,87.1372629528196,0,cancer,,,,
-5.07886753387699,87.1372629528196,0,cancer,,,,
11.7465535620314,87.1372629528196,0,cancer,,,,
28.5719746579399,87.1372629528196,0,cancer,,,,
45.3973957538483,87.1372629528196,0,cancer,,,,
62.2228168497568,87.1372629528196,0,cancer,,,,
79.0482379456652,87.1372629528196,0,cancer,,,,
95.8736590415736,87.1372629528196,0,cancer,,,,
112.699080137482,87.1372629528196,0,cancer,,,,
129.524501233391,87.1372629528196,0,cancer,,,,
146.349922329299,87.1372629528196,0,cancer,,,,
163.175343425207,87.1372629528196,0,cancer,,,,
180.000764521116,87.1372629528196,0,cancer,,,,
196.826185617024,87.1372629528196,0,cancer,,,,
213.651606712933,87.1372629528196,0,cancer,,,,
230.477027808841,87.1372629528196,0,cancer,,,,
247.302448904749,87.1372629528196,0,cancer,,,,
264.127870000658,87.1372629528196,0,cancer,,,,
280.953291096567,87.1372629528196,0,cancer,,,,
297.778712192475,87.1372629528196,0,cancer,,,,
314.604133288383,87.1372629528196,0,cancer,,,,
331.429554384292,87.1372629528196,0,cancer,,,,
-333.174578904092,101.708505051247,0,cancer,,,,
-316.349157808183,101.708505051247,0,cancer,,,,
-299.523736712275,101.708505051247,0,cancer,,,,
-282.698315616366,101.708505051247,0,cancer,,,,
-265.872894520458,101.708505051247,0,cancer,,,,
-249.047473424549,101.708505051247,0,cancer,,,,
-232.222052328641,101.708505051247,0,cancer,,,,
-215.396631232732,101.708505051247,0,cancer,,,,
-198.571210136824,101.708505051247,0,cancer,,,,
-181.745789040916,101.708505051247,0,cancer,,,,
-164.920367945007,101.708505051247,0,cancer,,,,
-148.094946849099,101.708505051247,0,cancer,,,,
-131.26952575319,101.708505051247,0,cancer,,,,
-114.444104657282,101.708505051247,0,cancer,,,,
-97.6186835613734,101.708505051247,0,cancer,,,,
-80.793262465465,101.708505051247,0,cancer,,,,
-63.9678413695565,101.708505051247,0,cancer,,,,
-47.1424202736481,101.708505051247,0,cancer,,,,
-30.3169991777397,101.708505051247,0,cancer,,,,
-13.4915780818312,101.708505051247,0,cancer,,,,
3.33384301407722,101.708505051247,0,cancer,,,,
20.1592641099857,101.708505051247,0,cancer,,,,
36.9846852058941,101.708505051247,0,cancer,,,,
53.8101063018025,101.708505051247,0,cancer,,,,
70.635527397711,101.708505051247,0,cancer,,,,
87.4609484936194,101.708505051247,0,cancer,,,,
104.286369589528,101.708505051247,0,cancer,,,,
121.111790685436,101.708505051247,0,cancer,,,,
137.937211781345,101.708505051247,0,cancer,,,,
154.762632877253,101.708505051247,0,cancer,,,,
171.588053973162,101.708505051247,0,cancer,,,,
188.41347506907,101.708505051247,0,cancer,,,,
205.238896164979,101.708505051247,0,cancer,,,,
222.064317260887,101.708505051247,0,cancer,,,,
238.889738356795,101.708505051247,0,cancer,,,,
255.715159452704,101.708505051247,0,cancer,,,,
272.540580548612,101.708505051247,0,cancer,,,,
289.366001644521,101.708505051247,0,cancer,,,,
306.191422740429,101.708505051247,0,cancer,,,,
323.016843836338,101.708505051247,0,cancer,,,,
-324.761868356137,116.279747149674,0,cancer,,,,
-307.936447260229,116.279747149674,0,cancer,,,,
-291.11102616432,116.279747149674,0,cancer,,,,
-274.285605068412,116.279747149674,0,cancer,,,,
-257.460183972504,116.279747149674,0,cancer,,,,
-240.634762876595,116.279747149674,0,cancer,,,,
-223.809341780687,116.279747149674,0,cancer,,,,
-206.983920684778,116.279747149674,0,cancer,,,,
-190.15849958887,116.279747149674,0,cancer,,,,
-173.333078492961,116.279747149674,0,cancer,,,,
-156.507657397053,116.279747149674,0,cancer,,,,
-139.682236301145,116.279747149674,0,cancer,,,,
-122.856815205236,116.279747149674,0,cancer,,,,
-106.031394109328,116.279747149674,0,cancer,,,,
-89.2059730134192,116.279747149674,0,cancer,,,,
-72.3805519175108,116.279747149674,0,cancer,,,,
-55.5551308216023,116.279747149674,0,cancer,,,,
-38.7297097256939,116.279747149674,0,cancer,,,,
-21.9042886297854,116.279747149674,0,cancer,,,,
-5.07886753387699,116.279747149674,0,cancer,,,,
11.7465535620314,116.279747149674,0,cancer,,,,
28.5719746579399,116.279747149674,0,cancer,,,,
45.3973957538483,116.279747149674,0,cancer,,,,
62.2228168497568,116.279747149674,0,cancer,,,,
79.0482379456652,116.279747149674,0,cancer,,,,
95.8736590415736,116.279747149674,0,cancer,,,,
112.699080137482,116.279747149674,0,cancer,,,,
129.524501233391,116.279747149674,0,cancer,,,,
146.349922329299,116.279747149674,0,cancer,,,,
163.175343425207,116.279747149674,0,cancer,,,,
180.000764521116,116.279747149674,0,cancer,,,,
196.826185617024,116.279747149674,0,cancer,,,,
213.651606712933,116.279747149674,0,cancer,,,,
230.477027808841,116.279747149674,0,cancer,,,,
247.302448904749,116.279747149674,0,cancer,,,,
264.127870000658,116.279747149674,0,cancer,,,,
280.953291096567,116.279747149674,0,cancer,,,,
297.778712192475,116.279747149674,0,cancer,,,,
314.604133288383,116.279747149674,0,cancer,,,,
-316.349157808183,130.850989248102,0,cancer,,,,
-299.523736712275,130.850989248102,0,cancer,,,,
-282.698315616366,130.850989248102,0,cancer,,,,
-265.872894520458,130.850989248102,0,cancer,,,,
-249.047473424549,130.850989248102,0,cancer,,,,
-232.222052328641,130.850989248102,0,cancer,,,,
-215.396631232732,130.850989248102,0,cancer,,,,
-198.571210136824,130.850989248102,0,cancer,,,,
-181.745789040916,130.850989248102,0,cancer,,,,
-164.920367945007,130.850989248102,0,cancer,,,,
-148.094946849099,130.850989248102,0,cancer,,,,
-131.26952575319,130.850989248102,0,cancer,,,,
-114.444104657282,130.850989248102,0,cancer,,,,
-97.6186835613734,130.850989248102,0,cancer,,,,
-80.793262465465,130.850989248102,0,cancer,,,,
-63.9678413695565,130.850989248102,0,cancer,,,,
-47.1424202736481,130.850989248102,0,cancer,,,,
-30.3169991777397,130.850989248102,0,cancer,,,,
-13.4915780818312,130.850989248102,0,cancer,,,,
3.33384301407722,130.850989248102,0,cancer,,,,
20.1592641099857,130.850989248102,0,cancer,,,,
36.9846852058941,130.850989248102,0,cancer,,,,
53.8101063018025,130.850989248102,0,cancer,,,,
70.635527397711,130.850989248102,0,cancer,,,,
87.4609484936194,130.850989248102,0,cancer,,,,
104.286369589528,130.850989248102,0,cancer,,,,
121.111790685436,130.850989248102,0,cancer,,,,
137.937211781345,130.850989248102,0,cancer,,,,
154.762632877253,130.850989248102,0,cancer,,,,
171.588053973162,130.850989248102,0,cancer,,,,
188.41347506907,130.850989248102,0,cancer,,,,
205.238896164979,130.850989248102,0,cancer,,,,
222.064317260887,130.850989248102,0,cancer,,,,
238.889738356795,130.850989248102,0,cancer,,,,
255.715159452704,130.850989248102,0,cancer,,,,
272.540580548612,130.850989248102,0,cancer,,,,
289.366001644521,130.850989248102,0,cancer,,,,
306.191422740429,130.850989248102,0,cancer,,,,
323.016843836338,130.850989248102,0,cancer,,,,
-307.936447260229,145.422231346529,0,cancer,,,,
-291.11102616432,145.422231346529,0,cancer,,,,
-274.285605068412,145.422231346529,0,cancer,,,,
-257.460183972504,145.422231346529,0,cancer,,,,
-240.634762876595,145.422231346529,0,cancer,,,,
-223.809341780687,145.422231346529,0,cancer,,,,
-206.983920684778,145.422231346529,0,cancer,,,,
-190.15849958887,145.422231346529,0,cancer,,,,
-173.333078492961,145.422231346529,0,cancer,,,,
-156.507657397053,145.422231346529,0,cancer,,,,
-139.682236301145,145.422231346529,0,cancer,,,,
-122.856815205236,145.422231346529,0,cancer,,,,
-106.031394109328,145.422231346529,0,cancer,,,,
-89.2059730134192,145.422231346529,0,cancer,,,,
-72.3805519175108,145.422231346529,0,cancer,,,,
-55.5551308216023,145.422231346529,0,cancer,,,,
-38.7297097256939,145.422231346529,0,cancer,,,,
-21.9042886297854,145.422231346529,0,cancer,,,,
-5.07886753387699,145.422231346529,0,cancer,,,,
11.7465535620314,145.422231346529,0,cancer,,,,
28.5719746579399,145.422231346529,0,cancer,,,,
45.3973957538483,145.422231346529,0,cancer,,,,
62.2228168497568,145.422231346529,0,cancer,,,,
79.0482379456652,145.422231346529,0,cancer,,,,
95.8736590415736,145.422231346529,0,cancer,,,,
112.699080137482,145.422231346529,0,cancer,,,,
129.524501233391,145.422231346529,0,cancer,,,,
146.349922329299,145.422231346529,0,cancer,,,,
163.175343425207,145.422231346529,0,cancer,,,,
180.000764521116,145.422231346529,0,cancer,,,,
196.826185617024,145.422231346529,0,cancer,,,,
213.651606712933,145.422231346529,0,cancer,,,,
230.477027808841,145.422231346529,0,cancer,,,,
247.302448904749,145.422231346529,0,cancer,,,,
264.127870000658,145.422231346529,0,cancer,,,,
280.953291096567,145.422231346529,0,cancer,,,,
297.778712192475,145.422231346529,0,cancer,,,,
314.604133288383,145.422231346529,0,cancer,,,,
-299.523736712275,159.993473444956,0,cancer,,,,
-282.698315616366,159.993473444956,0,cancer,,,,
-265.872894520458,159.993473444956,0,cancer,,,,
-249.047473424549,159.993473444956,0,cancer,,,,
-232.222052328641,159.993473444956,0,cancer,,,,
-215.396631232732,159.993473444956,0,cancer,,,,
-198.571210136824,159.993473444956,0,cancer,,,,
-181.745789040916,159.993473444956,0,cancer,,,,
-164.920367945007,159.993473444956,0,cancer,,,,
-148.094946849099,159.993473444956,0,cancer,,,,
-131.26952575319,159.993473444956,0,cancer,,,,
-114.444104657282,159.993473444956,0,cancer,,,,
-97.6186835613734,159.993473444956,0,cancer,,,,
-80.793262465465,159.993473444956,0,cancer,,,,
-63.9678413695565,159.993473444956,0,cancer,,,,
-47.1424202736481,159.993473444956,0,cancer,,,,
-30.3169991777397,159.993473444956,0,cancer,,,,
-13.4915780818312,159.993473444956,0,cancer,,,,
3.33384301407722,159.993473444956,0,cancer,,,,
20.1592641099857,159.993473444956,0,cancer,,,,
36.9846852058941,159.993473444956,0,cancer,,,,
53.8101063018025,159.993473444956,0,cancer,,,,
70.635527397711,159.993473444956,0,cancer,,,,
87.4609484936194,159.993473444956,0,cancer,,,,
104.286369589528,159.993473444956,0,cancer,,,,
121.111790685436,159.993473444956,0,cancer,,,,
137.937211781345,159.993473444956,0,cancer,,,,
154.762632877253,159.993473444956,0,cancer,,,,
171.588053973162,159.993473444956,0,cancer,,,,
188.41347506907,159.993473444956,0,cancer,,,,
205.238896164979,159.993473444956,0,cancer,,,,
222.064317260887,159.993473444956,0,cancer,,,,
238.889738356795,159.993473444956,0,cancer,,,,
255.715159452704,159.993473444956,0,cancer,,,,
272.540580548612,159.993473444956,0,cancer,,,,
289.366001644521,159.993473444956,0,cancer,,,,
306.191422740429,159.993473444956,0,cancer,,,,
-291.11102616432,174.564715543384,0,cancer,,,,
-274.285605068412,174.564715543384,0,cancer,,,,
-257.460183972504,174.564715543384,0,cancer,,,,
-240.634762876595,174.564715543384,0,cancer,,,,
-223.809341780687,174.564715543384,0,cancer,,,,
-206.983920684778,174.564715543384,0,cancer,,,,
-190.15849958887,174.564715543384,0,cancer,,,,
-173.333078492961,174.564715543384,0,cancer,,,,
-156.507657397053,174.564715543384,0,cancer,,,,
-139.682236301145,174.564715543384,0,cancer,,,,
-122.856815205236,174.564715543384,0,cancer,,,,
-106.031394109328,174.564715543384,0,cancer,,,,
-89.2059730134192,174.564715543384,0,cancer,,,,
-72.3805519175108,174.564715543384,0,cancer,,,,
-55.5551308216023,174.564715543384,0,cancer,,,,
-38.7297097256939,174.564715543384,0,cancer,,,,
-21.9042886297854,174.564715543384,0,cancer,,,,
-5.07886753387699,174.564715543384,0,cancer,,,,
11.7465535620314,174.564715543384,0,cancer,,,,
28.5719746579399,174.564715543384,0,cancer,,,,
45.3973957538483,174.564715543384,0,cancer,,,,
62.2228168497568,174.564715543384,0,cancer,,,,
79.0482379456652,174.564715543384,0,cancer,,,,
95.8736590415736,174.564715543384,0,cancer,,,,
112.699080137482,174.564715543384,0,cancer,,,,
129.524501233391,174.564715543384,0,cancer,,,,
146.349922329299,174.564715543384,0,cancer,,,,
163.175343425207,174.564715543384,0,cancer,,,,
180.000764521116,174.564715543384,0,cancer,,,,
196.826185617024,174.564715543384,0,cancer,,,,
213.651606712933,174.564715543384,0,cancer,,,,
230.477027808841,174.564715543384,0,cancer,,,,
247.302448904749,174.564715543384,0,cancer,,,,
264.127870000658,174.564715543384,0,cancer,,,,
280.953291096567,174.564715543384,0,cancer,,,,
297.778712192475,174.564715543384,0,cancer,,,,
-282.698315616366,189.135957641811,0,cancer,,,,
-265.872894520458,189.135957641811,0,cancer,,,,
-249.047473424549,189.135957641811,0,cancer,,,,
-232.222052328641,189.135957641811,0,cancer,,,,
-215.396631232732,189.135957641811,0,cancer,,,,
-198.571210136824,189.135957641811,0,cancer,,,,
-181.745789040916,189.135957641811,0,cancer,,,,
-164.920367945007,189.135957641811,0,cancer,,,,
-148.094946849099,189.135957641811,0,cancer,,,,
-131.26952575319,189.135957641811,0,cancer,,,,
-114.444104657282,189.135957641811,0,cancer,,,,
-97.6186835613734,189.135957641811,0,cancer,,,,
-80.793262465465,189.135957641811,0,cancer,,,,
-63.9678413695565,189.135957641811,0,cancer,,,,
-47.1424202736481,189.135957641811,0,cancer,,,,
-30.3169991777397,189.135957641811,0,cancer,,,,
-13.4915780818312,189.135957641811,0,cancer,,,,
3.33384301407722,189.135957641811,0,cancer,,,,
20.1592641099857,189.135957641811,0,cancer,,,,
36.9846852058941,189.135957641811,0,cancer,,,,
53.8101063018025,189.135957641811,0,cancer,,,,
70.635527397711,189.135957641811,0,cancer,,,,
87.4609484936194,189.135957641811,0,cancer,,,,
104.286369589528,189.135957641811,0,cancer,,,,
121.111790685436,189.135957641811,0,cancer,,,,
137.937211781345,189.135957641811,0,cancer,,,,
154.762632877253,189.135957641811,0,cancer,,,,
171.588053973162,189.135957641811,0,cancer,,,,
188.41347506907,189.135957641811,0,cancer,,,,
205.238896164979,189.135957641811,0,cancer,,,,
222.064317260887,189.135957641811,0,cancer,,,,
238.889738356795,189.135957641811,0,cancer,,,,
255.715159452704,189.135957641811,0,cancer,,,,
272.540580548612,189.135957641811,0,cancer,,,,
289.366001644521,189.135957641811,0,cancer,,,,
-274.285605068412,203.707199740238,0,cancer,,,,
-257.460183972504,203.707199740238,0,cancer,,,,
-240.634762876595,203.707199740238,0,cancer,,,,
-223.809341780687,203.707199740238,0,cancer,,,,
-206.983920684778,203.707199740238,0,cancer,,,,
-190.15849958887,203.707199740238,0,cancer,,,,
-173.333078492961,203.707199740238,0,cancer,,,,
-156.507657397053,203.707199740238,0,cancer,,,,
-139.682236301145,203.707199740238,0,cancer,,,,
-122.856815205236,203.707199740238,0,cancer,,,,
-106.031394109328,203.707199740238,0,cancer,,,,
-89.2059730134192,203.707199740238,0,cancer,,,,
-72.3805519175108,203.707199740238,0,cancer,,,,
-55.5551308216023,203.707199740238,0,cancer,,,,
-38.7297097256939,203.707199740238,0,cancer,,,,
-21.9042886297854,203.707199740238,0,cancer,,,,
-5.07886753387699,203.707199740238,0,cancer,,,,
11.7465535620314,203.707199740238,0,cancer,,,,
28.5719746579399,203.707199740238,0,cancer,,,,
45.3973957538483,203.707199740238,0,cancer,,,,
62.2228168497568,203.707199740238,0,cancer,,,,
79.0482379456652,203.707199740238,0,cancer,,,,
95.8736590415736,203.707199740238,0,cancer,,,,
112.699080137482,203.707199740238,0,cancer,,,,
129.524501233391,203.707199740238,0,cancer,,,,
146.349922329299,203.707199740238,0,cancer,,,,
163.175343425207,203.707199740238,0,cancer,,,,
180.000764521116,203.707199740238,0,cancer,,,,
196.826185617024,203.707199740238,0,cancer,,,,
213.651606712933,203.707199740238,0,cancer,,,,
230.477027808841,203.707199740238,0,cancer,,,,
247.302448904749,203.707199740238,0,cancer,,,,
264.127870000658,203.707199740238,0,cancer,,,,
280.953291096567,203.707199740238,0,cancer,,,,
-265.872894520458,218.278441838665,0,cancer,,,,
-249.047473424549,218.278441838665,0,cancer,,,,
-232.222052328641,218.278441838665,0,cancer,,,,
-215.396631232732,218.278441838665,0,cancer,,,,
-198.571210136824,218.278441838665,0,cancer,,,,
-181.745789040916,218.278441838665,0,cancer,,,,
-164.920367945007,218.278441838665,0,cancer,,,,
-148.094946849099,218.278441838665,0,cancer,,,,
-131.26952575319,218.278441838665,0,cancer,,,,
-114.444104657282,218.278441838665,0,cancer,,,,
-97.6186835613734,218.278441838665,0,cancer,,,,
-80.793262465465,218.278441838665,0,cancer,,,,
-63.9678413695565,218.278441838665,0,cancer,,,,
-47.1424202736481,218.278441838665,0,cancer,,,,
-30.3169991777397,218.278441838665,0,cancer,,,,
-13.4915780818312,218.278441838665,0,cancer,,,,
3.33384301407722,218.278441838665,0,cancer,,,,
20.1592641099857,218.278441838665,0,cancer,,,,
36.9846852058941,218.278441838665,0,cancer,,,,
53.8101063018025,218.278441838665,0,cancer,,,,
70.635527397711,218.278441838665,0,cancer,,,,
87.4609484936194,218.278441838665,0,cancer,,,,
104.286369589528,218.278441838665,0,cancer,,,,
121.111790685436,218.278441838665,0,cancer,,,,
137.937211781345,218.278441838665,0,cancer,,,,
154.762632877253,218.278441838665,0,cancer,,,,
171.588053973162,218.278441838665,0,cancer,,,,
188.41347506907,218.278441838665,0,cancer,,,,
205.238896164979,218.278441838665,0,cancer,,,,
222.064317260887,218.278441838665,0,cancer,,,,
238.889738356795,218.278441838665,0,cancer,,,,
255.715159452704,218.278441838665,0,cancer,,,,
272.540580548612,218.278441838665,0,cancer,,,,
-257.460183972504,232.849683937093,0,cancer,,,,
-240.634762876595,232.849683937093,0,cancer,,,,
-223.809341780687,232.849683937093,0,cancer,,,,
-206.983920684778,232.849683937093,0,cancer,,,,
-190.15849958887,232.849683937093,0,cancer,,,,
-173.333078492961,232.849683937093,0,cancer,,,,
-156.507657397053,232.849683937093,0,cancer,,,,
-139.682236301145,232.849683937093,0,cancer,,,,
-122.856815205236,232.849683937093,0,cancer,,,,
-106.031394109328,232.849683937093,0,cancer,,,,
-89.2059730134192,232.849683937093,0,cancer,,,,
-72.3805519175108,232.849683937093,0,cancer,,,,
-55.5551308216023,232.849683937093,0,cancer,,,,
-38.7297097256939,232.849683937093,0,cancer,,,,
-21.9042886297854,232.849683937093,0,cancer,,,,
-5.07886753387699,232.849683937093,0,cancer,,,,
11.7465535620314,232.849683937093,0,cancer,,,,
28.5719746579399,232.849683937093,0,cancer,,,,
45.3973957538483,232.849683937093,0,cancer,,,,
62.2228168497568,232.849683937093,0,cancer,,,,
79.0482379456652,232.849683937093,0,cancer,,,,
95.8736590415736,232.849683937093,0,cancer,,,,
112.699080137482,232.849683937093,0,cancer,,,,
129.524501233391,232.849683937093,0,cancer,,,,
146.349922329299,232.849683937093,0,cancer,,,,
163.175343425207,232.849683937093,0,cancer,,,,
180.000764521116,232.849683937093,0,cancer,,,,
196.826185617024,232.849683937093,0,cancer,,,,
213.651606712933,232.849683937093,0,cancer,,,,
230.477027808841,232.849683937093,0,cancer,,,,
247.302448904749,232.849683937093,0,cancer,,,,
-232.222052328641,247.42092603552,0,cancer,,,,
-215.396631232732,247.42092603552,0,cancer,,,,
-198.571210136824,247.42092603552,0,cancer,,,,
-181.745789040916,247.42092603552,0,cancer,,,,
-164.920367945007,247.42092603552,0,cancer,,,,
-148.094946849099,247.42092603552,0,cancer,,,,
-131.26952575319,247.42092603552,0,cancer,,,,
-114.444104657282,247.42092603552,0,cancer,,,,
-97.6186835613734,247.42092603552,0,cancer,,,,
-80.793262465465,247.42092603552,0,cancer,,,,
-63.9678413695565,247.42092603552,0,cancer,,,,
-47.1424202736481,247.42092603552,0,cancer,,,,
-30.3169991777397,247.42092603552,0,cancer,,,,
-13.4915780818312,247.42092603552,0,cancer,,,,
3.33384301407722,247.42092603552,0,cancer,,,,
20.1592641099857,247.42092603552,0,cancer,,,,
36.9846852058941,247.42092603552,0,cancer,,,,
53.8101063018025,247.42092603552,0,cancer,,,,
70.635527397711,247.42092603552,0,cancer,,,,
87.4609484936194,247.42092603552,0,cancer,,,,
104.286369589528,247.42092603552,0,cancer,,,,
121.111790685436,247.42092603552,0,cancer,,,,
137.937211781345,247.42092603552,0,cancer,,,,
154.762632877253,247.42092603552,0,cancer,,,,
171.588053973162,247.42092603552,0,cancer,,,,
188.41347506907,247.42092603552,0,cancer,,,,
205.238896164979,247.42092603552,0,cancer,,,,
222.064317260887,247.42092603552,0,cancer,,,,
238.889738356795,247.42092603552,0,cancer,,,,
-223.809341780687,261.992168133947,0,cancer,,,,
-206.983920684778,261.992168133947,0,cancer,,,,
-190.15849958887,261.992168133947,0,cancer,,,,
-173.333078492961,261.992168133947,0,cancer,,,,
-156.507657397053,261.992168133947,0,cancer,,,,
-139.682236301145,261.992168133947,0,cancer,,,,
-122.856815205236,261.992168133947,0,cancer,,,,
-106.031394109328,261.992168133947,0,cancer,,,,
-89.2059730134192,261.992168133947,0,cancer,,,,
-72.3805519175108,261.992168133947,0,cancer,,,,
-55.5551308216023,261.992168133947,0,cancer,,,,
-38.7297097256939,261.992168133947,0,cancer,,,,
-21.9042886297854,261.992168133947,0,cancer,,,,
-5.07886753387699,261.992168133947,0,cancer,,,,
11.7465535620314,261.992168133947,0,cancer,,,,
28.5719746579399,261.992168133947,0,cancer,,,,
45.3973957538483,261.992168133947,0,cancer,,,,
62.2228168497568,261.992168133947,0,cancer,,,,
79.0482379456652,261.992168133947,0,cancer,,,,
95.8736590415736,261.992168133947,0,cancer,,,,
112.699080137482,261.992168133947,0,cancer,,,,
129.524501233391,261.992168133947,0,cancer,,,,
146.349922329299,261.992168133947,0,cancer,,,,
163.175343425207,261.992168133947,0,cancer,,,,
180.000764521116,261.992168133947,0,cancer,,,,
196.826185617024,261.992168133947,0,cancer,,,,
213.651606712933,261.992168133947,0,cancer,,,,
230.477027808841,261.992168133947,0,cancer,,,,
-198.571210136824,276.563410232375,0,cancer,,,,
-181.745789040916,276.563410232375,0,cancer,,,,
-164.920367945007,276.563410232375,0,cancer,,,,
-148.094946849099,276.563410232375,0,cancer,,,,
-131.26952575319,276.563410232375,0,cancer,,,,
-114.444104657282,276.563410232375,0,cancer,,,,
-97.6186835613734,276.563410232375,0,cancer,,,,
-80.793262465465,276.563410232375,0,cancer,,,,
-63.9678413695565,276.563410232375,0,cancer,,,,
-47.1424202736481,276.563410232375,0,cancer,,,,
-30.3169991777397,276.563410232375,0,cancer,,,,
-13.4915780818312,276.563410232375,0,cancer,,,,
3.33384301407722,276.563410232375,0,cancer,,,,
20.1592641099857,276.563410232375,0,cancer,,,,
36.9846852058941,276.563410232375,0,cancer,,,,
53.8101063018025,276.563410232375,0,cancer,,,,
70.635527397711,276.563410232375,0,cancer,,,,
87.4609484936194,276.563410232375,0,cancer,,,,
104.286369589528,276.563410232375,0,cancer,,,,
121.111790685436,276.563410232375,0,cancer,,,,
137.937211781345,276.563410232375,0,cancer,,,,
154.762632877253,276.563410232375,0,cancer,,,,
171.588053973162,276.563410232375,0,cancer,,,,
188.41347506907,276.563410232375,0,cancer,,,,
205.238896164979,276.563410232375,0,cancer,,,,
-190.15849958887,291.134652330802,0,cancer,,,,
-173.333078492961,291.134652330802,0,cancer,,,,
-156.507657397053,291.134652330802,0,cancer,,,,
-139.682236301145,291.134652330802,0,cancer,,,,
-122.856815205236,291.134652330802,0,cancer,,,,
-106.031394109328,291.134652330802,0,cancer,,,,
-89.2059730134192,291.134652330802,0,cancer,,,,
-72.3805519175108,291.134652330802,0,cancer,,,,
-55.5551308216023,291.134652330802,0,cancer,,,,
-38.7297097256939,291.134652330802,0,cancer,,,,
-21.9042886297854,291.134652330802,0,cancer,,,,
-5.07886753387699,291.134652330802,0,cancer,,,,
11.7465535620314,291.134652330802,0,cancer,,,,
28.5719746579399,291.134652330802,0,cancer,,,,
45.3973957538483,291.134652330802,0,cancer,,,,
62.2228168497568,291.134652330802,0,cancer,,,,
79.0482379456652,291.134652330802,0,cancer,,,,
95.8736590415736,291.134652330802,0,cancer,,,,
112.699080137482,291.134652330802,0,cancer,,,,
129.524501233391,291.134652330802,0,cancer,,,,
146.349922329299,291.134652330802,0,cancer,,,,
163.175343425207,291.134652330802,0,cancer,,,,
180.000764521116,291.134652330802,0,cancer,,,,
-164.920367945007,305.705894429229,0,cancer,,,,
-148.094946849099,305.705894429229,0,cancer,,,,
-131.26952575319,305.705894429229,0,cancer,,,,
-114.444104657282,305.705894429229,0,cancer,,,,
-97.6186835613734,305.705894429229,0,cancer,,,,
-80.793262465465,305.705894429229,0,cancer,,,,
-63.9678413695565,305.705894429229,0,cancer,,,,
-47.1424202736481,305.705894429229,0,cancer,,,,
-30.3169991777397,305.705894429229,0,cancer,,,,
-13.4915780818312,305.705894429229,0,cancer,,,,
3.33384301407722,305.705894429229,0,cancer,,,,
20.1592641099857,305.705894429229,0,cancer,,,,
36.9846852058941,305.705894429229,0,cancer,,,,
53.8101063018025,305.705894429229,0,cancer,,,,
70.635527397711,305.705894429229,0,cancer,,,,
87.4609484936194,305.705894429229,0,cancer,,,,
104.286369589528,305.705894429229,0,cancer,,,,
121.111790685436,305.705894429229,0,cancer,,,,
137.937211781345,305.705894429229,0,cancer,,,,
154.762632877253,305.705894429229,0,cancer,,,,
-139.682236301145,320.277136527657,0,cancer,,,,
-122.856815205236,320.277136527657,0,cancer,,,,
-106.031394109328,320.277136527657,0,cancer,,,,
-89.2059730134192,320.277136527657,0,cancer,,,,
-72.3805519175108,320.277136527657,0,cancer,,,,
-55.5551308216023,320.277136527657,0,cancer,,,,
-38.7297097256939,320.277136527657,0,cancer,,,,
-21.9042886297854,320.277136527657,0,cancer,,,,
-5.07886753387699,320.277136527657,0,cancer,,,,
11.7465535620314,320.277136527657,0,cancer,,,,
28.5719746579399,320.277136527657,0,cancer,,,,
45.3973957538483,320.277136527657,0,cancer,,,,
62.2228168497568,320.277136527657,0,cancer,,,,
79.0482379456652,320.277136527657,0,cancer,,,,
95.8736590415736,320.277136527657,0,cancer,,,,
112.699080137482,320.277136527657,0,cancer,,,,
129.524501233391,320.277136527657,0,cancer,,,,
-97.6186835613734,334.848378626084,0,cancer,,,,
-80.793262465465,334.848378626084,0,cancer,,,,
-63.9678413695565,334.848378626084,0,cancer,,,,
-47.1424202736481,334.848378626084,0,cancer,,,,
-30.3169991777397,334.848378626084,0,cancer,,,,
-13.4915780818312,334.848378626084,0,cancer,,,,
3.33384301407722,334.848378626084,0,cancer,,,,
20.1592641099857,334.848378626084,0,cancer,,,,
36.9846852058941,334.848378626084,0,cancer,,,,
53.8101063018025,334.848378626084,0,cancer,,,,
70.635527397711,334.848378626084,0,cancer,,,,
87.4609484936194,334.848378626084,0,cancer,,,,
-5.07886753387699,349.419620724511,0,cancer,,,,
11.7465535620314,349.419620724511,0,cancer,,,,
,,,,,,,
,,,,,,,
,,,,,,,
,,,,,,,
,,,,,,,
,,,,,,,
,,,,,,,
,,,,,,,
,,,,,,,
,,,,,,,
,,,,,,,
,,,,,,,
,,,,,,,
,,,,,,,
,,,,,,,
170.090768802857,-165.451134658707,0,apoptotic,,,,
-233.691384126719,93.9975053738945,0,apoptotic,,,,
-71.3473957089704,213.28394202712,0,apoptotic,,,,
23.9741781960849,213.619177157386,0,apoptotic,,,,
-135.548386296429,-38.0474087576248,0,apoptotic,,,,
96.2877783430885,86.9517028706642,0,apoptotic,,,,
-142.383140937383,241.082934482653,0,apoptotic,,,,
-125.17858856225,-117.658251648542,0,apoptotic,,,,
33.384496581314,-134.951032512098,0,apoptotic,,,,
2.21415179803218,233.233108626029,0,apoptotic,,,,
-97.9637960311649,-46.0153530879471,0,apoptotic,,,,
-152.873917846315,234.066469135926,0,apoptotic,,,,
89.6748164306468,-129.396713112028,0,apoptotic,,,,
33.3074596444104,-108.764988730914,0,apoptotic,,,,
-33.2427749662879,-188.739576658417,0,apoptotic,,,,
-82.2205476362691,-223.727211473095,0,apoptotic,,,,
-154.426504007972,225.107856617942,0,apoptotic,,,,
-224.129324464054,-129.510919880029,0,apoptotic,,,,
209.814062512612,-72.154663566636,0,apoptotic,,,,
-188.740061842206,-6.98650664677244,0,apoptotic,,,,
104.704504173456,-108.558807835773,0,apoptotic,,,,
-36.5404870771656,-104.896363853628,0,apoptotic,,,,
140.884003185245,200.56222645441,0,apoptotic,,,,
-87.7465923681519,45.3145284190124,0,apoptotic,,,,
151.052462202008,-76.2866541461908,0,apoptotic,,,,
287.758048775723,-27.490855398351,0,apoptotic,,,,
161.161895886904,-87.4925610540997,0,apoptotic,,,,
-114.3495470512,-73.860464201641,0,apoptotic,,,,
-123.571378435246,208.358021799137,0,apoptotic,,,,
-140.587842117398,242.92037463608,0,apoptotic,,,,
182.171839930765,-100.365136051526,0,apoptotic,,,,
-15.9292831989961,-202.421028463457,0,apoptotic,,,,
-90.9552400761734,28.0193271536735,0,apoptotic,,,,
-199.858084125614,2.04973369990551,0,apoptotic,,,,
-153.243653702324,179.667664946392,0,apoptotic,,,,
251.617972058879,20.7486809745291,0,apoptotic,,,,
163.955963529216,-40.9234524171999,0,apoptotic,,,,
129.183260434149,76.7823520883303,0,apoptotic,,,,
-202.392732333472,-138.262885703645,0,apoptotic,,,,
67.0625437168157,260.549643426547,0,apoptotic,,,,
55.5567256486062,142.111320953442,0,apoptotic,,,,
-231.714471262768,-99.9973163784734,0,apoptotic,,,,
-277.164530778505,83.7654696814851,0,apoptotic,,,,
-174.107547657836,125.22557016355,0,apoptotic,,,,
23.9040120627341,52.4383223830444,0,apoptotic,,,,
-191.974308703383,196.096897283819,0,apoptotic,,,,
-45.7499728846597,29.546830845122,0,apoptotic,,,,
-43.6674254489774,-201.1200076865,0,apoptotic,,,,
47.4586921006523,266.700593589301,0,apoptotic,,,,
269.130225304873,33.5018768812492,0,apoptotic,,,,
